"date","electricity_kwh","electricity_peak_kw","electricity_baseload_kw_p10","electricity_intervals","electricity_replacement_intervals","electricity_replacement_share","electricity_night_kwh","electricity_daytime_kwh","heat_meter_kwh","heat_meter_m3","heat_kwh","heat_kwh_prev","heat_volume_m3","heat_volume_per_mwh_m3","heat_approximated_flag","pv_kwh","arrivals","nights","arrivals_compare","nights_compare","timestamp_ms","has_guests_flag","electricity_data_available","heat_data_available","pv_data_available","occupancy_data_available","electricity_minus_pv_kwh","grid_need_after_pv_kwh","pv_surplus_vs_load_kwh","pv_generation_to_load_ratio","potential_pv_coverage_ratio","electricity_kwh_per_night","heat_kwh_per_night","pv_kwh_per_night","electricity_kwh_per_arrival","heat_kwh_per_arrival","heat_to_electricity_ratio","electricity_7d_avg_kwh","heat_7d_avg_kwh","pv_7d_avg_kwh","nights_7d_avg"
2025-01-01,31.005,5.1,0.418,96,0,0,6.079,17.293,24724,652.74,436,0,11.15,25.57,0,7.7,0,4,0,4,1735689600000,1,1,1,1,1,23.305,23.305,0,0.248347040799871,0.248347040799871,7.75125,109,1.925,NA,NA,14.0622480245122,31.005,436,7.7,4
2025-01-02,35.614,5.124,0.61,96,0,0,5.61,21.113,25160,663.89,421,0,11.09,26.34,0,4.87,2,6,2,6,1.735776e+12,1,1,1,1,1,30.744,30.744,0,0.136743977087662,0.136743977087662,5.93566666666667,70.1666666666667,0.811666666666667,17.807,210.5,11.8211939125063,33.3095,428.5,6.285,5
2025-01-03,37.618,4.324,0.864,96,0,0,5.753,23.355,25581,674.98,420,0,11.22,26.71,0,7.36,0,4,0,4,1735862400000,1,1,1,1,1,30.258,30.258,0,0.195651018129619,0.195651018129619,9.4045,105,1.84,NA,NA,11.1648678823967,34.7456666666667,425.666666666667,6.64333333333333,4.66666666666667
2025-01-04,45.707,5.384,0.486,96,0,0,5.431,28.056,26001,686.2,466,0,12.37,26.55,0,7.7,0,2,0,2,1735948800000,1,1,1,1,1,38.007,38.007,0,0.168464349005623,0.168464349005623,22.8535,233,3.85,NA,NA,10.1953748878728,37.486,435.75,6.9075,4
2025-01-05,33.06,5.424,0.64,96,0,0,6.576,16.505,26467,698.57,487,0,12.47,25.61,0,3.75,0,2,0,2,1736035200000,1,1,1,1,1,29.31,29.31,0,0.113430127041742,0.113430127041742,16.53,243.5,1.875,NA,NA,14.7307924984876,36.6008,446,6.276,3.6
2025-01-06,27.781,3.428,0.71,96,0,0,5.029,16.41,26954,711.04,407,0,10.53,25.87,0,2.78,0,2,0,2,1736121600000,1,1,1,1,1,25.001,25.001,0,0.10006839206652,0.10006839206652,13.8905,203.5,1.39,NA,NA,14.6503005651344,35.1308333333333,439.5,5.69333333333333,3.33333333333333
2025-01-07,34.796,3.464,0.74,96,0,0,4.69,23.72,27361,721.57,389,0,10.23,26.3,0,0.66,0,2,0,2,1.736208e+12,1,1,1,1,1,34.136,34.136,0,0.018967697436487,0.018967697436487,17.398,194.5,0.33,NA,NA,11.1794459133234,35.083,432.285714285714,4.97428571428571,3.14285714285714
2025-01-08,25.981,5.496,0.358,96,0,0,4.794,14.301,27750,731.8,407,0,10.42,25.6,0,8.06,0,2,0,2,1736294400000,1,1,1,1,1,17.921,17.921,0,0.310226704129941,0.310226704129941,12.9905,203.5,4.03,NA,NA,15.6652938685963,34.3652857142857,428.142857142857,5.02571428571429,2.85714285714286
2025-01-09,32.721,4.564,0.7,96,0,0,4.821,21.686,28157,742.22,376,0,10.42,27.71,0,1.71,0,0,0,0,1736380800000,0,1,1,1,1,31.011,31.011,0,0.0522600165031631,0.0522600165031631,NA,NA,NA,NA,NA,11.4910913480639,33.952,421.714285714286,4.57428571428571,2
2025-01-10,25.157,2.74,0.004,96,0,0,5.199,11.896,28533,752.64,414,0,10.64,25.7,0,7.52,0,0,0,0,1736467200000,0,1,1,1,1,17.637,17.637,0,0.298922765035577,0.298922765035577,NA,NA,NA,NA,NA,16.4566522240331,32.1718571428571,420.857142857143,4.59714285714286,1.42857142857143
2025-01-11,26.076,3.704,0.676,96,0,0,6.015,13.921,28947,763.28,471,0,12.02,25.52,0,8.59,0,0,0,0,1736553600000,0,1,1,1,1,17.486,17.486,0,0.32942169044332,0.32942169044332,NA,NA,NA,NA,NA,18.0625862862402,29.3674285714286,421.571428571429,4.72428571428571,1.14285714285714
2025-01-12,22.508,3.808,0,96,0,0,4.911,11.05,29418,775.3,483,0,12.35,25.57,0,8.29,0,0,0,0,1.73664e+12,0,1,1,1,1,14.218,14.218,0,0.368313488537409,0.368313488537409,NA,NA,NA,NA,NA,21.4590367869202,27.86,421,5.37285714285714,0.857142857142857
2025-01-13,28.115,5.092,0.44,96,0,0,4.911,17.149,29901,787.65,521,0,13.14,25.22,0,8.8,0,0,0,0,1736726400000,0,1,1,1,1,19.315,19.315,0,0.31300017784101,0.31300017784101,NA,NA,NA,NA,NA,18.5310332562689,27.9077142857143,437.285714285714,6.23285714285714,0.571428571428571
2025-01-14,25.504,2.424,0.414,96,0,0,5.051,13.122,30422,800.79,527,0,13.45,25.52,0,5.75,0,0,0,0,1736812800000,0,1,1,1,1,19.754,19.754,0,0.225454830614806,0.225454830614806,NA,NA,NA,NA,NA,20.6634253450439,26.5802857142857,457,6.96,0.285714285714286
2025-01-15,26.681,3.428,0.616,96,0,0,5.354,14.34,30949,814.24,509,0,12.64,24.83,0,6.6,0,0,0,0,1736899200000,0,1,1,1,1,20.081,20.081,0,0.247367040215884,0.247367040215884,NA,NA,NA,NA,NA,19.0772459802856,26.6802857142857,471.571428571429,6.75142857142857,0
2025-01-16,26.126,2.912,0.56,96,0,0,4.767,14.339,31458,826.88,478,0,11.89,24.87,0,5.83,0,0,0,0,1736985600000,0,1,1,1,1,20.296,20.296,0,0.223149353134808,0.223149353134808,NA,NA,NA,NA,NA,18.2959503942433,25.7381428571429,486.142857142857,7.34,0
2025-01-17,29.336,4.772,0.564,96,0,0,5.013,18.698,31936,838.77,477,0,11.82,24.78,0,3.64,0,0,0,0,1.737072e+12,0,1,1,1,1,25.696,25.696,0,0.124079629124625,0.124079629124625,NA,NA,NA,NA,NA,16.2598854649577,26.3351428571429,495.142857142857,6.78571428571429,0
2025-01-18,29.254,3.024,0.52,96,0,0,5.979,15.348,32413,850.59,491,0,12.48,25.42,0,9.46,0,0,0,0,1737158400000,0,1,1,1,1,19.794,19.794,0,0.323374581253846,0.323374581253846,NA,NA,NA,NA,NA,16.7840295344226,26.7891428571429,498,6.91,0
2025-01-19,32.052,4.6,0.164,96,0,0,7.289,16.378,32904,863.07,453,0,11.06,24.42,0,8.24,2,2,2,2,1737244800000,1,1,1,1,1,23.812,23.812,0,0.257082241357794,0.257082241357794,16.026,226.5,4.12,16.026,226.5,14.1332834144515,28.1525714285714,493.714285714286,6.90285714285714,0.285714285714286
2025-01-20,30.735,4.62,0.42,96,0,0,6.283,14.2,33357,874.13,426,0,10.58,24.84,0,5.99,2,4,2,4,1737331200000,1,1,1,1,1,24.745,24.745,0,0.194891817146576,0.194891817146576,7.68375,106.5,1.4975,15.3675,213,13.8604197169351,28.5268571428571,480.142857142857,6.50142857142857,0.857142857142857
2025-01-21,26.228,3.236,0.562,96,0,0,4.674,14.267,33783,884.71,390,0,9.96,25.54,0,8.05,0,4,0,4,1737417600000,1,1,1,1,1,18.178,18.178,0,0.306923898124142,0.306923898124142,6.557,97.5,2.0125,NA,NA,14.8696050022876,28.6302857142857,460.571428571429,6.83,1.42857142857143
2025-01-22,21.539,2.3,0.196,96,0,0,4.602,9.091,34173,894.67,394,0,10.25,26.02,0,8.04,0,4,0,4,1.737504e+12,1,1,1,1,1,13.499,13.499,0,0.373276382376155,0.373276382376155,5.38475,98.5,2.01,NA,NA,18.2923998328613,27.8957142857143,444.142857142857,7.03571428571429,2
2025-01-23,28.726,4.252,0.46,96,0,0,4.845,15.171,34567,904.92,393,0,10.16,25.85,0,3.68,0,4,0,4,1737590400000,1,1,1,1,1,25.046,25.046,0,0.128106941446773,0.128106941446773,7.1815,98.25,0.92,NA,NA,13.6809858664624,28.2671428571429,432,6.72857142857143,2.57142857142857
2025-01-24,38.455,4.572,0.78,96,0,0,5.678,23.637,34960,915.08,377,0,9.95,26.39,0,6.59,0,4,0,4,1737676800000,1,1,1,1,1,31.865,31.865,0,0.171369132752568,0.171369132752568,9.61375,94.25,1.6475,NA,NA,9.80366662332597,29.5698571428571,417.714285714286,7.15,3.14285714285714
2025-01-25,26.223,3.572,0.616,96,2,0.0208333333333333,5.174,13.825,35337,925.03,366,0,10.1,27.6,0,9.43,2,6,2,6,1737763200000,1,1,1,1,1,16.793,16.793,0,0.359607977729474,0.359607977729474,4.3705,61,1.57166666666667,13.1115,183,13.9572131335088,29.1368571428571,399.857142857143,7.14571428571429,4
2025-01-26,38.036,5.104,0.788,96,0,0,5.034,25.057,35703,935.13,360,0,9.55,26.53,0,2.22,0,2,0,2,1737849600000,1,1,1,1,1,35.816,35.816,0,0.0583657587548638,0.0583657587548638,19.018,180,1.11,NA,NA,9.46471763592386,29.9917142857143,386.571428571429,6.28571428571429,4
2025-01-27,33.174,6.44,0.6,96,0,0,5.438,19.753,36063,944.68,342,0,9.03,26.4,0,3.53,0,2,0,2,1.737936e+12,1,1,1,1,1,29.644,29.644,0,0.106408633267016,0.106408633267016,16.587,171,1.765,NA,NA,10.3092783505155,30.3401428571429,374.571428571429,5.93428571428571,3.71428571428571
2025-01-28,36.444,4.708,0.986,96,0,0,6.225,22.169,36405,953.71,338,0,9.42,27.87,0,1.01,2,4,2,4,1738022400000,1,1,1,1,1,35.434,35.434,0,0.0277137526067391,0.0277137526067391,9.111,84.5,0.2525,18.222,169,9.2745033476018,31.7995714285714,367.142857142857,4.92857142857143,3.71428571428571
2025-01-29,29.575,4.764,0.446,96,0,0,5.622,17.256,36743,963.13,333,0,8.85,26.58,0,10.36,0,4,0,4,1738108800000,1,1,1,1,1,19.215,19.215,0,0.350295857988166,0.350295857988166,7.39375,83.25,2.59,NA,NA,11.2595097210482,32.9475714285714,358.428571428571,5.26,3.71428571428571
2025-01-30,23.943,2.876,0.176,96,0,0,5,11.43,37076,971.98,366,0,9.86,26.94,0,10.75,0,4,0,4,1738195200000,1,1,1,1,1,13.193,13.193,0,0.448983001294742,0.448983001294742,5.98575,91.5,2.6875,NA,NA,15.286304974314,32.2642857142857,354.571428571429,6.27,3.71428571428571
2025-01-31,25.343,3.68,0.302,96,0,0,5.48,13.492,37442,981.84,361,0,9.65,26.73,0,10.28,0,4,0,4,1738281600000,1,1,1,1,1,15.063,15.063,0,0.405634692025411,0.405634692025411,6.33575,90.25,2.57,NA,NA,14.2445645740441,30.3911428571429,352.285714285714,6.79714285714286,3.71428571428571
2025-02-01,33.887,3.62,0.83,96,0,0,5.849,21.322,37803,991.49,414,0,10.87,26.26,0,2.01,0,0,0,0,1.738368e+12,0,1,1,1,1,31.877,31.877,0,0.0593147814796234,0.0593147814796234,NA,NA,NA,NA,NA,12.2170743943105,31.486,359.142857142857,5.73714285714286,2.85714285714286
2025-02-02,37.566,5.408,0.774,96,0,0,5.517,22.897,38217,1002.36,371,0,9.9,26.68,0,6.13,5,5,5,5,1738454400000,1,1,1,1,1,31.436,31.436,0,0.163179470798062,0.163179470798062,7.5132,74.2,1.226,7.5132,74.2,9.87595165841452,31.4188571428571,360.714285714286,6.29571428571429,3.28571428571429
2025-02-03,48.181,6.472,1.042,96,0,0,6.909,32.512,38588,1012.26,384,0,10,26.04,0,3.19,2,7,2,7,1738540800000,1,1,1,1,1,44.991,44.991,0,0.0662086714680061,0.0662086714680061,6.883,54.8571428571429,0.455714285714286,24.0905,192,7.96994665947158,33.5627142857143,366.714285714286,6.24714285714286,4
2025-02-04,36.514,5.616,0.334,96,0,0,6.74,18.862,38972,1022.26,396,0,10.26,25.91,0,9.18,0,7,0,7,1738627200000,1,1,1,1,1,27.334,27.334,0,0.251410417921893,0.251410417921893,5.21628571428572,56.5714285714286,1.31142857142857,NA,NA,10.8451552829052,33.5727142857143,375,7.41428571428571,4.42857142857143
2025-02-05,29.92,3.816,0.324,96,0,0,6.479,13.242,39368,1032.52,393,0,10.05,25.57,0,11.99,0,7,0,7,1738713600000,1,1,1,1,1,17.93,17.93,0,0.400735294117647,0.400735294117647,4.27428571428571,56.1428571428571,1.71285714285714,NA,NA,13.1350267379679,33.622,383.571428571429,7.64714285714286,4.85714285714286
2025-02-06,28.52,3.78,0.242,96,0,0,6.524,12.711,39761,1042.57,392,0,10.01,25.54,0,12.33,0,7,0,7,1.7388e+12,1,1,1,1,1,16.19,16.19,0,0.432328190743338,0.432328190743338,4.07428571428571,56,1.76142857142857,NA,NA,13.7447405329593,34.2758571428571,387.285714285714,7.87285714285714,5.28571428571429
2025-02-07,39.842,3.828,1.01,96,0,0,6.928,24.113,40153,1052.58,427,0,10.75,25.18,0,3.52,0,5,0,5,1738886400000,1,1,1,1,1,36.322,36.322,0,0.0883489784649365,0.0883489784649365,7.9684,85.4,0.704,NA,NA,10.7173334671954,36.3471428571429,396.714285714286,6.90714285714286,5.42857142857143
2025-02-08,28.004,2.576,0.534,96,0,0,6.776,13.881,40580,1063.33,415,0,10.73,25.86,0,11.68,3,8,3,8,1738972800000,1,1,1,1,1,16.324,16.324,0,0.417083273818026,0.417083273818026,3.5005,51.875,1.46,9.33466666666667,138.333333333333,14.8193115269247,35.5067142857143,396.857142857143,8.28857142857143,6.57142857142857
2025-02-09,40.238,6.052,0.876,96,0,0,6.486,23.738,40995,1074.06,405,0,10.59,26.15,0,5.28,2,7,2,7,1739059200000,1,1,1,1,1,34.958,34.958,0,0.131219245489338,0.131219245489338,5.74828571428571,57.8571428571429,0.754285714285714,20.119,202.5,10.0651125801481,35.8884285714286,401.714285714286,8.16714285714286,6.85714285714286
2025-02-10,44.818,4.748,0.966,96,0,0,6.393,28.111,41400,1084.65,409,0,10.67,26.09,0,4.3,0,7,0,7,1739145600000,1,1,1,1,1,40.518,40.518,0,0.0959435940916596,0.0959435940916596,6.40257142857143,58.4285714285714,0.614285714285714,NA,NA,9.12579767057879,35.408,405.285714285714,8.32571428571429,6.85714285714286
2025-02-11,47.664,5.104,0.97,96,0,0,6.151,31.058,41809,1095.32,382,0,9.78,25.6,0,2.42,0,7,0,7,1.739232e+12,1,1,1,1,1,45.244,45.244,0,0.0507720711648204,0.0507720711648204,6.80914285714286,54.5714285714286,0.345714285714286,NA,NA,8.01443437395099,37.0008571428571,403.285714285714,7.36,6.85714285714286
2025-02-12,38.953,3.692,0.926,96,0,0,6.139,24.472,42191,1105.1,401,0,10.34,25.79,0,4.91,0,4,0,4,1739318400000,1,1,1,1,1,34.043,34.043,0,0.126049341514132,0.126049341514132,9.73825,100.25,1.2275,NA,NA,10.2944574230483,38.2912857142857,404.428571428571,6.34857142857143,6.42857142857143
2025-02-13,28.987,4.084,0.532,96,0,0,7.282,13.731,42592,1115.44,379,0,9.95,26.25,0,9.07,0,4,0,4,1739404800000,1,1,1,1,1,19.917,19.917,0,0.312898885707386,0.312898885707386,7.24675,94.75,2.2675,NA,NA,13.0748266464277,38.358,402.571428571429,5.88285714285714,6
2025-02-14,34.938,5.244,0.558,96,0,0,3.75,25.224,42971,1125.39,396,0,10.32,26.06,0,1.16,2,6,2,6,1739491200000,1,1,1,1,1,33.778,33.778,0,0.0332016715324289,0.0332016715324289,5.823,66,0.193333333333333,17.469,198,11.3343637300361,37.6574285714286,398.142857142857,5.54571428571429,6.14285714285714
2025-02-15,38.623,6.68,0.564,96,0,0,4.44,20.889,43367,1135.71,476,0,12.02,25.25,0,6.38,0,4,0,4,1739577600000,1,1,1,1,1,32.243,32.243,0,0.165186546876214,0.165186546876214,9.65575,119,1.595,NA,NA,12.3242627449965,39.1744285714286,406.857142857143,4.78857142857143,5.57142857142857
2025-02-16,37.025,4.896,0.622,96,0,0,4.128,26.39,43843,1147.73,479,0,11.87,24.78,0,2.38,2,4,2,4,1.739664e+12,1,1,1,1,1,34.645,34.645,0,0.0642808912896691,0.0642808912896691,9.25625,119.75,0.595,18.5125,239.5,12.9372045914922,38.7154285714286,417.428571428571,4.37428571428571,5.14285714285714
2025-02-17,42.304,6.004,0.612,96,0,0,4.402,26.961,44322,1159.6,494,0,12.2,24.7,0,2.47,0,4,0,4,1739750400000,1,1,1,1,1,39.834,39.834,0,0.0583869137670197,0.0583869137670197,10.576,123.5,0.6175,NA,NA,11.6773827534039,38.3562857142857,429.571428571429,4.11285714285714,4.71428571428571
2025-02-18,29.515,3.496,0.586,96,0,0,3.87,19.318,44816,1171.8,406,0,9.86,24.29,0,1.89,0,4,0,4,1739836800000,1,1,1,1,1,27.625,27.625,0,0.064035236320515,0.064035236320515,7.37875,101.5,0.4725,NA,NA,13.7557174318143,35.7635714285714,433,4.03714285714286,4.28571428571429
2025-02-19,37.837,6.568,0.598,96,0,0,4.17,23.09,45222,1181.66,411,0,8.91,21.68,0,2.61,0,4,0,4,1739923200000,1,1,1,1,1,35.227,35.227,0,0.0689800988450459,0.0689800988450459,9.45925,102.75,0.6525,NA,NA,10.8623833813463,35.6041428571429,434.428571428571,3.70857142857143,4.28571428571429
2025-02-20,27.484,3.876,0.344,96,0,0,4.129,14.537,45633,1190.57,524,0,11.9,22.71,0,12.72,0,2,0,2,1740009600000,1,1,1,1,1,14.764,14.764,0,0.462814728569349,0.462814728569349,13.742,262,6.36,NA,NA,19.0656381894921,35.3894285714286,455.142857142857,4.23,4
2025-02-21,17.603,2.412,0.02,96,0,0,3.086,8.929,46157,1202.47,423,0,9.44,22.32,0,13.72,0,2,0,2,1.740096e+12,1,1,1,1,1,3.883,3.883,0,0.779412600124979,0.779412600124979,8.8015,211.5,6.86,NA,NA,24.0299948872351,32.913,459,6.02428571428571,3.42857142857143
2025-02-22,26.043,4.944,0.408,96,0,0,4.247,16.524,46580,1211.91,370,0,8.38,22.65,0,10.04,0,0,0,0,1740182400000,0,1,1,1,1,16.003,16.003,0,0.385516261567408,0.385516261567408,NA,NA,NA,NA,NA,14.2072725876435,31.1158571428571,443.857142857143,6.54714285714286,2.85714285714286
2025-02-23,13.894,4.636,0,96,0,0,2.29,6.646,46950,1220.29,338,0,7.71,22.81,0,10.88,0,0,0,0,1740268800000,0,1,1,1,1,3.014,3.014,0,0.78307182956672,0.78307182956672,NA,NA,NA,NA,NA,24.3270476464661,27.8114285714286,423.714285714286,7.76142857142857,2.28571428571429
2025-02-24,18.289,2.94,0.254,96,0,0,2.383,11.99,47288,1228,298,0,6.78,22.75,0,12.28,0,0,0,0,1740355200000,0,1,1,1,1,6.009,6.009,0,0.671441850292525,0.671441850292525,NA,NA,NA,NA,NA,16.2939471813658,24.3807142857143,395.714285714286,9.16285714285714,1.71428571428571
2025-02-25,17.869,3.12,0.184,96,0,0,2.308,9.521,47586,1234.78,275,0,6.1,22.18,0,7.35,0,0,0,0,1740441600000,0,1,1,1,1,10.519,10.519,0,0.411326878952376,0.411326878952376,NA,NA,NA,NA,NA,15.389781185293,22.717,377,9.94285714285714,1.14285714285714
2025-02-26,18.553,2.524,0.324,96,0,0,2.29,12.098,47861,1240.88,276,0,6.25,22.64,0,1.96,0,0,0,0,1.740528e+12,0,1,1,1,1,16.593,16.593,0,0.105643292189942,0.105643292189942,NA,NA,NA,NA,NA,14.8763003287878,19.9621428571429,357.714285714286,9.85,0.571428571428571
2025-02-27,17.049,4.284,0.222,96,0,0,2.926,10.801,48137,1247.13,296,0,6.83,23.07,0,10.11,0,0,0,0,1740614400000,0,1,1,1,1,6.939,6.939,0,0.592996656695407,0.592996656695407,NA,NA,NA,NA,NA,17.3617220951375,18.4714285714286,325.142857142857,9.47714285714286,0.285714285714286
2025-02-28,18.62,2.524,0.292,96,0,0,2.396,11.515,48433,1253.96,296,0,6.5,21.96,0,4.35,0,0,0,0,1740700800000,0,1,1,1,1,14.27,14.27,0,0.233619763694952,0.233619763694952,NA,NA,NA,NA,NA,15.8968850698174,18.6167142857143,307,8.13857142857143,0
2025-03-01,16.036,2.716,0.248,96,0,0,2.63,8.312,48729,1260.46,327,0,7.14,21.83,0,5.14,0,0,0,0,1740787200000,0,1,1,1,1,10.896,10.896,0,0.320528810177101,0.320528810177101,NA,NA,NA,NA,NA,20.3916188575705,17.1871428571429,300.857142857143,7.43857142857143,0
2025-03-02,8.231,1.664,0,96,0,0,2.165,3.08,49056,1267.6,347,0,7.86,22.65,0,15.41,0,0,0,0,1740873600000,0,1,1,1,1,-7.179,0,7.179,1.87219049933179,1,NA,NA,NA,NA,NA,42.1576965131819,16.3781428571429,302.142857142857,8.08571428571429,0
2025-03-03,17.055,3.112,0.294,96,25,0.260416666666667,2.185,10.854,49403,1275.46,324,0,7.54,23.27,0,16.01,0,0,0,0,1.74096e+12,0,1,1,1,1,1.045,1.045,0,0.938727645851656,0.938727645851656,NA,NA,NA,NA,NA,18.9973614775726,16.2018571428571,305.857142857143,8.61857142857143,0
2025-03-04,16.453,4.028,0,96,0,0,2.16,8.849,49727,1283,310,0,7.24,23.35,0,15.96,0,0,0,0,1741046400000,0,1,1,1,1,0.492999999999999,0.492999999999999,0,0.970035859721631,0.970035859721631,NA,NA,NA,NA,NA,18.841548653741,15.9995714285714,310.857142857143,9.84857142857143,0
2025-03-05,11.01,2.8,0.018,96,0,0,2.197,5.43,50037,1290.24,276,0,6.33,22.93,0,15.74,0,0,0,0,1741132800000,0,1,1,1,1,-4.73,0,4.73,1.42960944595822,1,NA,NA,NA,NA,NA,25.0681198910082,14.922,310.857142857143,11.8171428571429,0
2025-03-06,10.345,1.808,0.034,96,0,0,2.301,4.35,50313,1296.57,249,0,5.65,22.69,0,16.06,0,0,0,0,1741219200000,0,1,1,1,1,-5.715,0,5.715,1.55244079265346,1,NA,NA,NA,NA,NA,24.0695988400193,13.9642857142857,304.142857142857,12.6671428571429,0
2025-03-07,16.212,3.576,0.006,96,0,0,2.621,8.759,50562,1302.22,258,0,5.91,22.91,0,15.96,0,0,0,0,1741305600000,0,1,1,1,1,0.251999999999999,0.251999999999999,0,0.984455958549223,0.984455958549223,NA,NA,NA,NA,NA,15.9141376757957,13.6202857142857,298.714285714286,14.3257142857143,0
2025-03-08,17.895,3.708,0.054,96,0,0,4.675,7.984,50820,1308.13,273,0,6.13,22.45,0,12.61,0,0,0,0,1.741392e+12,0,1,1,1,1,5.285,5.285,0,0.704666107851355,0.704666107851355,NA,NA,NA,NA,NA,15.2556580050293,13.8858571428571,291,15.3928571428571,0
2025-03-09,14.341,2.268,0,96,0,0,3.414,5.672,51093,1314.26,252,0,5.54,21.98,0,15.86,2,2,2,2,1741478400000,1,1,1,1,1,-1.519,0,1.519,1.10592008925458,1,7.1705,126,7.93,7.1705,126,17.5719963740325,14.7587142857143,277.428571428571,15.4571428571429,0.285714285714286
2025-03-10,23.639,2.748,0.47,96,0,0,3.339,15.339,51345,1319.8,254,0,6.01,23.66,0,2.87,0,2,0,2,1741564800000,1,1,1,1,1,20.769,20.769,0,0.121409535090317,0.121409535090317,11.8195,127,1.435,NA,NA,10.7449553703625,15.6992857142857,267.428571428571,13.58,0.571428571428571
2025-03-11,17.36,2.568,0.166,96,0,0,2.396,9.349,51599,1325.81,243,0,5.79,23.83,0,8.72,0,2,0,2,1741651200000,1,1,1,1,1,8.64,8.64,0,0.502304147465438,0.502304147465438,8.68,121.5,4.36,NA,NA,13.9976958525346,15.8288571428571,257.857142857143,12.5457142857143,0.857142857142857
2025-03-12,16.973,2.864,0.004,96,0,0,2.335,10.719,51842,1331.6,245,0,5.84,23.84,0,5.36,0,2,0,2,1741737600000,1,1,1,1,1,11.613,11.613,0,0.315795675484593,0.315795675484593,8.4865,122.5,2.68,NA,NA,14.4346903906204,16.6807142857143,253.428571428571,11.0628571428571,1.14285714285714
2025-03-13,17.19,3.532,0.236,96,0,0,2.235,10.562,52087,1337.44,263,0,6.24,23.73,0,8.39,0,2,0,2,1.741824e+12,1,1,1,1,1,8.8,8.8,0,0.488074461896451,0.488074461896451,8.595,131.5,4.195,NA,NA,15.2995927865038,17.6585714285714,255.428571428571,9.96714285714286,1.42857142857143
2025-03-14,21.956,3.532,0.346,96,0,0,2.762,15.267,52350,1343.68,282,0,6.54,23.19,0,1.31,0,2,0,2,1741910400000,1,1,1,1,1,20.646,20.646,0,0.0596647841136819,0.0596647841136819,10.978,141,0.655,NA,NA,12.8438695572964,18.4791428571429,258.857142857143,7.87428571428571,1.71428571428571
2025-03-15,18.629,3.636,0.258,96,0,0,2.569,11.401,52632,1350.22,277,0,6.4,23.1,0,5.79,0,2,0,2,1741996800000,1,1,1,1,1,12.839,12.839,0,0.31080573299694,0.31080573299694,9.3145,138.5,2.895,NA,NA,14.8692898169521,18.584,259.428571428571,6.9,2
2025-03-16,17.563,4.784,0.08,96,0,0,2.172,11.991,52909,1356.62,263,0,6.28,23.88,0,6.7,0,0,0,0,1742083200000,0,1,1,1,1,10.863,10.863,0,0.38148380117292,0.38148380117292,NA,NA,NA,NA,NA,14.9746626430564,19.0442857142857,261,5.59142857142857,1.71428571428571
2025-03-17,14.683,3.852,0.002,96,0,0,2.394,8.906,53172,1362.9,296,0,7.36,24.86,0,14.87,0,0,0,0,1742169600000,0,1,1,1,1,-0.186999999999999,0,0.186999999999999,1.01273581693114,1,NA,NA,NA,NA,NA,20.1593679765715,17.7648571428571,267,7.30571428571429,1.42857142857143
2025-03-18,9.301,2.184,0,96,0,0,2.178,2.261,53468,1370.26,317,0,8.47,26.76,1,15.88,0,0,0,0,1.742256e+12,0,1,1,1,1,-6.579,0,6.579,1.70734329641974,1,NA,NA,NA,NA,NA,34.0823567358349,16.6135714285714,277.571428571429,8.32857142857143,1.14285714285714
2025-03-19,11.443,2.232,0.004,96,0,0,2.14,5.805,53785,1378.73,317,0,8.47,26.76,1,18.42,0,0,0,0,1742342400000,0,1,1,1,1,-6.977,0,6.977,1.60971773136415,1,NA,NA,NA,NA,NA,27.7025255614786,15.8235714285714,287.857142857143,10.1942857142857,0.857142857142857
2025-03-20,12.523,2.272,0.004,96,0,0,2.2,6.756,54101,1387.2,264,0,6.9,26.14,0,18.22,0,0,0,0,1742428800000,0,1,1,1,1,-5.697,0,5.697,1.45492294178711,1,NA,NA,NA,NA,NA,21.0812105725465,15.1568571428571,288,11.5985714285714,0.571428571428571
2025-03-21,9.458,1.908,0,96,0,0,2.082,3.831,54365,1394.1,254,0,6.37,25.08,0,15.58,0,0,0,0,1742515200000,0,1,1,1,1,-6.122,0,6.122,1.64728272362022,1,NA,NA,NA,NA,NA,26.8555720025375,13.3714285714286,284,13.6371428571429,0.285714285714286
2025-03-22,7.977,1.42,0,96,0,0,2.138,3.056,54619,1400.47,243,0,5.88,24.2,0,9.76,0,0,0,0,1742601600000,0,1,1,1,1,-1.783,0,1.783,1.22351761313777,1,NA,NA,NA,NA,NA,30.4625799172621,11.8497142857143,279.142857142857,14.2042857142857,0
2025-03-23,19.286,3.328,0.212,96,0,0,2.095,13.32,54862,1406.35,237,0,5.84,24.64,0,6.02,0,0,0,0,1.742688e+12,0,1,1,1,1,13.266,13.266,0,0.312143523799647,0.312143523799647,NA,NA,NA,NA,NA,12.2887068339728,12.0958571428571,275.428571428571,14.1071428571429,0
2025-03-24,16.906,2.888,0.106,96,0,0,2.216,10.42,55099,1412.19,217,0,5.24,24.15,0,13.81,0,0,0,0,1742774400000,0,1,1,1,1,3.096,3.096,0,0.816869750384479,0.816869750384479,NA,NA,NA,NA,NA,12.8356796403644,12.4134285714286,264.142857142857,13.9557142857143,0
2025-03-25,14.985,4.076,0.04,96,0,0,2.255,8.472,55316,1417.43,213,0,5.13,24.08,0,11.37,0,0,0,0,1742860800000,0,1,1,1,1,3.615,3.615,0,0.758758758758759,0.758758758758759,NA,NA,NA,NA,NA,14.2142142142142,13.2254285714286,249.285714285714,13.3114285714286,0
2025-03-26,15.252,3.052,0.004,96,0,0,2.438,8.466,55529,1422.56,219,0,5.24,23.93,0,14.5,0,0,0,0,1742947200000,0,1,1,1,1,0.752000000000001,0.752000000000001,0,0.950694990820876,0.950694990820876,NA,NA,NA,NA,NA,14.3587726199843,13.7695714285714,235.285714285714,12.7514285714286,0
2025-03-27,13.757,2.676,0.026,96,0,0,2.26,7.751,55748,1427.8,226,0,5.6,24.78,0,11.59,0,0,0,0,1743033600000,0,1,1,1,1,2.167,2.167,0,0.842480191902304,0.842480191902304,NA,NA,NA,NA,NA,16.4280002907611,13.9458571428571,229.857142857143,11.8042857142857,0
2025-03-28,24.647,5.548,0.308,96,0,0,2.256,19.602,55974,1433.4,219,0,5.3,24.2,0,3.95,0,0,0,0,1.74312e+12,0,1,1,1,1,20.697,20.697,0,0.160262912321986,0.160262912321986,NA,NA,NA,NA,NA,8.88546273380127,16.1157142857143,224.857142857143,10.1428571428571,0
2025-03-29,18.191,3.38,0.158,96,0,0,2.319,11.08,56193,1438.7,228,0,5.5,24.12,0,5.51,0,0,0,0,1743206400000,0,1,1,1,1,12.681,12.681,0,0.302897036996317,0.302897036996317,NA,NA,NA,NA,NA,12.5336704963993,17.5748571428571,222.714285714286,9.53571428571428,0
2025-03-30,12.379,3.516,0,96,0,0,2.506,6.635,56421,1444.2,207,0,4.95,23.91,0,15.72,0,0,0,0,1743292800000,0,1,1,1,1,-3.341,0,3.341,1.26989255998061,1,NA,NA,NA,NA,NA,16.721867679134,16.5881428571429,218.428571428571,10.9214285714286,0
2025-03-31,11.817,2.976,0,96,0,0,2.088,5.052,56628,1449.15,233,0,5.78,24.81,0,17.54,0,0,0,0,1743379200000,0,1,1,1,1,-5.723,0,5.723,1.48430227638148,1,NA,NA,NA,NA,NA,19.7173563510197,15.8611428571429,220.714285714286,11.4542857142857,0
2025-04-01,16.397,4.316,0.208,96,0,0,2.139,9.264,56861,1454.93,232,0,5.71,24.61,0,7.11,0,0,0,0,1743465600000,0,1,1,1,1,9.287,9.287,0,0.433615905348539,0.433615905348539,NA,NA,NA,NA,NA,14.148929682259,16.0628571428571,223.428571428571,10.8457142857143,0
2025-04-02,15.023,2.488,0.036,96,0,0,2.241,7.758,57093,1460.64,211,0,4.97,23.55,0,13.84,0,0,0,0,1.743552e+12,0,1,1,1,1,1.183,1.183,0,0.921254077081808,0.921254077081808,NA,NA,NA,NA,NA,14.0451307994409,16.0301428571429,222.285714285714,10.7514285714286,0
2025-04-03,12.456,4.8,0,96,0,0,2.199,3.808,57304,1465.61,187,0,4.43,23.69,0,16.91,0,0,0,0,1743638400000,0,1,1,1,1,-4.454,0,4.454,1.35757867694284,1,NA,NA,NA,NA,NA,15.0128452151574,15.8442857142857,216.714285714286,11.5114285714286,0
2025-04-04,13.513,5.008,0.002,96,0,0,3.127,5.711,57491,1470.04,176,0,4.39,24.94,0,20.04,0,0,0,0,1743724800000,0,1,1,1,1,-6.527,0,6.527,1.48301635462148,1,NA,NA,NA,NA,NA,13.0244949308074,14.2537142857143,210.571428571429,13.81,0
2025-04-05,9.124,2.292,0,96,0,0,2.091,4.001,57667,1474.43,149,0,3.69,24.77,0,19.47,0,0,0,0,1743811200000,0,1,1,1,1,-10.346,0,10.346,2.13393248575186,1,NA,NA,NA,NA,NA,16.330556773345,12.9584285714286,199.285714285714,15.8042857142857,0
2025-04-06,8.496,1.348,0,96,0,0,2.523,2.254,57816,1478.12,184,0,4.71,25.6,0,21.46,0,0,0,0,1743897600000,0,1,1,1,1,-12.964,0,12.964,2.5258945386064,1,NA,NA,NA,NA,NA,21.6572504708098,12.4037142857143,196,16.6242857142857,0
2025-04-07,10.285,2.34,0,96,0,0,2.07,1.952,58000,1482.83,228,0,6.07,26.62,0,21.48,0,0,0,0,1.743984e+12,0,1,1,1,1,-11.195,0,11.195,2.08847836655323,1,NA,NA,NA,NA,NA,22.1682061254254,12.1848571428571,195.285714285714,17.1871428571429,0
2025-04-08,11.95,2.732,0,96,0,0,2.382,4.947,58228,1488.9,215,0,5.63,26.19,0,21.2,0,0,0,0,1744070400000,0,1,1,1,1,-9.25,0,9.25,1.77405857740586,1,NA,NA,NA,NA,NA,17.9916317991632,11.5495714285714,192.857142857143,19.2,0
2025-04-09,11.103,3.096,0,96,0,0,2.282,3.819,58443,1494.53,210,0,5.51,26.24,0,16.63,0,0,0,0,1744156800000,0,1,1,1,1,-5.527,0,5.527,1.4977933891741,1,NA,NA,NA,NA,NA,18.9138070791678,10.9895714285714,192.714285714286,19.5985714285714,0
2025-04-10,13.755,3.26,0,96,0,0,2.187,6.902,58653,1500.04,205,0,5.12,24.98,0,19.34,0,0,0,0,1744243200000,0,1,1,1,1,-5.585,0,5.585,1.40603416939295,1,NA,NA,NA,NA,NA,14.903671392221,11.1751428571429,195.285714285714,19.9457142857143,0
2025-04-11,10.414,1.924,0,96,0,0,2.47,3.296,58858,1505.16,169,0,4.06,24.02,0,20.92,0,0,0,0,1744329600000,0,1,1,1,1,-10.506,0,10.506,2.00883426157096,1,NA,NA,NA,NA,NA,16.2281544075283,10.7324285714286,194.285714285714,20.0714285714286,0
2025-04-12,9.406,2.464,0,96,0,0,2.375,3.484,59027,1509.22,148,0,3.62,24.46,0,20.66,0,0,0,0,1.744416e+12,0,1,1,1,1,-11.254,0,11.254,2.19647033808208,1,NA,NA,NA,NA,NA,15.7346374654476,10.7727142857143,194.142857142857,20.2414285714286,0
2025-04-13,16.311,4.652,0.104,96,0,0,2.565,10.829,59175,1512.84,165,0,4.15,25.15,0,5.85,0,0,0,0,1744502400000,0,1,1,1,1,10.461,10.461,0,0.358653669302924,0.358653669302924,NA,NA,NA,NA,NA,10.1158727239286,11.8891428571429,191.428571428571,18.0114285714286,0
2025-04-14,14.147,2.268,0.036,96,0,0,2.437,5.968,59340,1516.99,145,0,3.64,25.1,0,13.38,0,0,0,0,1744588800000,0,1,1,1,1,0.766999999999999,0.766999999999999,0,0.945783558351594,0.945783558351594,NA,NA,NA,NA,NA,10.2495228670389,12.4408571428571,179.571428571429,16.8542857142857,0
2025-04-15,20.288,2.712,0.26,96,0,0,2.255,12.216,59485,1520.63,133,0,3.34,25.11,0,8.03,0,0,0,0,1744675200000,0,1,1,1,1,12.258,12.258,0,0.39580047318612,0.39580047318612,NA,NA,NA,NA,NA,6.55559936908517,13.632,167.857142857143,14.9728571428571,0
2025-04-16,17.834,3.872,0.012,96,0,0,2.176,8.589,59618,1523.97,171,0,3.72,21.75,0,14.46,0,0,0,0,1744761600000,0,1,1,1,1,3.374,3.374,0,0.810810810810811,0.810810810810811,NA,NA,NA,NA,NA,9.58842660087473,14.5935714285714,162.285714285714,14.6628571428571,0
2025-04-17,19.291,3.644,0.298,96,0,0,2.098,12.391,59789,1527.69,166,0,4.34,26.14,0,4.56,0,0,0,0,1.744848e+12,0,1,1,1,1,14.731,14.731,0,0.236379658908299,0.236379658908299,NA,NA,NA,NA,NA,8.60504898657405,15.3844285714286,156.714285714286,12.5514285714286,0
2025-04-18,24.586,4.596,0.25,96,0,0,2.568,17.289,59955,1532.03,199,0,5.82,29.25,0,6.61,0,0,0,0,1744934400000,0,1,1,1,1,17.976,17.976,0,0.268852192304564,0.268852192304564,NA,NA,NA,NA,NA,8.09403725697551,17.409,161,10.5071428571429,0
2025-04-19,11.773,3.44,0,96,0,0,2.718,5.131,60154,1537.85,168,0,4.76,28.33,0,15.89,0,0,0,0,1745020800000,0,1,1,1,1,-4.117,0,4.117,1.34969846258388,1,NA,NA,NA,NA,NA,14.2699396925168,17.7471428571429,163.857142857143,9.82571428571429,0
2025-04-20,12.666,1.964,0,96,0,0,4.125,3.643,60322,1542.61,132,0,3.74,28.33,0,19.9,0,0,0,0,1745107200000,0,1,1,1,1,-7.234,0,7.234,1.57113532291173,1,NA,NA,NA,NA,NA,10.4216011369019,17.2264285714286,159.142857142857,11.8328571428571,0
2025-04-21,10.311,2.448,0,96,0,0,2.077,5.318,60454,1546.35,114,0,3.05,26.75,0,14.49,0,0,0,0,1745193600000,0,1,1,1,1,-4.179,0,4.179,1.40529531568228,1,NA,NA,NA,NA,NA,11.0561536223451,16.6784285714286,154.714285714286,11.9914285714286,0
2025-04-22,17.601,2.856,0.172,96,0,0,1.996,9.671,60568,1549.4,147,0,4.28,29.12,0,11.97,0,0,0,0,1.74528e+12,0,1,1,1,1,5.631,5.631,0,0.680074995738879,0.680074995738879,NA,NA,NA,NA,NA,8.35179819328447,16.2945714285714,156.714285714286,12.5542857142857,0
2025-04-23,15.896,3.572,0.062,96,0,0,1.989,7.598,60715,1553.68,131,0,4.13,31.53,0,12.72,0,0,0,0,1745366400000,0,1,1,1,1,3.176,3.176,0,0.800201308505284,0.800201308505284,NA,NA,NA,NA,NA,8.24106693507801,16.0177142857143,151,12.3057142857143,0
2025-04-24,18.073,3.036,0.15,96,0,0,2.233,10.28,60846,1557.81,184,0,5.4,29.35,0,5.08,0,0,0,0,1745452800000,0,1,1,1,1,12.993,12.993,0,0.281082277430421,0.281082277430421,NA,NA,NA,NA,NA,10.1809328833066,15.8437142857143,153.571428571429,12.38,0
2025-04-25,13.996,3.36,0.004,96,0,0,2.12,8.164,61030,1563.21,208,0,6.67,32.07,0,10.98,0,0,0,0,1745539200000,0,1,1,1,1,3.016,3.016,0,0.784509859959989,0.784509859959989,NA,NA,NA,NA,NA,14.8613889682766,14.3308571428571,154.857142857143,13.0042857142857,0
2025-04-26,12.565,3.756,0.04,96,0,0,2.211,6.832,61238,1569.88,205,0,6.48,31.61,0,11.41,0,0,0,0,1745625600000,0,1,1,1,1,1.155,1.155,0,0.908077994428969,0.908077994428969,NA,NA,NA,NA,NA,16.3151611619578,14.444,160.142857142857,12.3642857142857,0
2025-04-27,9.9,1.564,0,96,0,0,2.019,3.451,61443,1576.36,132,0,4.17,31.59,0,16.94,0,0,0,0,1.745712e+12,0,1,1,1,1,-7.04,0,7.04,1.71111111111111,1,NA,NA,NA,NA,NA,13.3333333333333,14.0488571428571,160.142857142857,11.9414285714286,0
2025-04-28,17.401,3.06,0.082,96,0,0,1.846,9.85,61575,1580.53,130,0,3.57,27.46,0,20.38,0,0,0,0,1745798400000,0,1,1,1,1,-2.979,0,2.979,1.17119705764037,1,NA,NA,NA,NA,NA,7.47083500948221,15.0617142857143,162.428571428571,12.7828571428571,0
2025-04-29,10.763,3.404,0.016,96,0,0,1.808,3.974,61705,1584.1,84,0,2.25,26.79,0,23,0,0,0,0,1745884800000,0,1,1,1,1,-12.237,0,12.237,2.13695066431292,1,NA,NA,NA,NA,NA,7.80451546966459,14.0848571428571,153.428571428571,14.3585714285714,0
2025-04-30,11.056,1.924,0.108,96,0,0,1.837,5.666,61789,1586.35,63,0,1.79,28.41,0,23.44,0,0,0,0,1745971200000,0,1,1,1,1,-12.384,0,12.384,2.12011577424023,1,NA,NA,NA,NA,NA,5.69826338639653,13.3934285714286,143.714285714286,15.89,0
2025-05-01,7.413,1.636,0,96,0,0,1.734,2.958,61852,1588.14,54,0,1.54,28.52,0,23.4,0,0,0,0,1746057600000,0,1,1,1,1,-15.987,0,15.987,3.15661675435047,1,NA,NA,NA,NA,NA,7.28450020234723,11.8705714285714,125.142857142857,18.5071428571429,0
2025-05-02,6.212,1.656,0,96,0,0,1.689,1.632,61906,1589.68,39,0,1.12,28.72,0,22.11,0,0,0,0,1.746144e+12,0,1,1,1,1,-15.898,0,15.898,3.5592401802962,1,NA,NA,NA,NA,NA,6.27817128139086,10.7585714285714,101,20.0971428571429,0
2025-05-03,8.511,1.584,0,96,0,0,1.823,4.018,61945,1590.8,63,0,1.83,29.05,0,16.84,0,0,0,0,1746230400000,0,1,1,1,1,-8.329,0,8.329,1.97861590882388,1,NA,NA,NA,NA,NA,7.4021854071202,10.1794285714286,80.7142857142857,20.8728571428571,0
2025-05-04,12.706,2.924,0.008,96,0,0,1.791,7.487,62008,1592.63,93,0,2.74,29.46,0,12.6,0,0,0,0,1746316800000,0,1,1,1,1,0.106,0.106,0,0.99165748465292,0.99165748465292,NA,NA,NA,NA,NA,7.31937667243822,10.5802857142857,75.1428571428571,20.2528571428571,0
2025-05-05,31.447,5.228,0.266,96,0,0,1.752,24.208,62101,1595.37,151,0,4.67,30.93,0,0.93,0,0,0,0,1746403200000,0,1,1,1,1,30.517,30.517,0,0.0295735682259039,0.0295735682259039,NA,NA,NA,NA,NA,4.80172989474354,12.5868571428571,78.1428571428571,17.4742857142857,0
2025-05-06,23.121,3.648,0.298,96,0,0,2.005,15.382,62252,1600.04,192,0,5.82,30.31,0,5.71,0,0,0,0,1746489600000,0,1,1,1,1,17.411,17.411,0,0.246961636607413,0.246961636607413,NA,NA,NA,NA,NA,8.30413909432983,14.3522857142857,93.5714285714286,15.0042857142857,0
2025-05-07,22.07,4.028,0.282,96,0,0,1.954,13.899,62444,1605.86,205,0,6.44,31.41,0,8.99,0,0,0,0,1.746576e+12,0,1,1,1,1,13.08,13.08,0,0.407340280924332,0.407340280924332,NA,NA,NA,NA,NA,9.28862709560489,15.9257142857143,113.857142857143,12.94,0
2025-05-08,21.952,5.04,0.26,96,0,0,1.922,12.706,62649,1612.3,208,0,6.6,31.73,0,6.27,0,0,0,0,1746662400000,0,1,1,1,1,15.682,15.682,0,0.285623177842566,0.285623177842566,NA,NA,NA,NA,NA,9.47521865889213,18.0027142857143,135.857142857143,10.4928571428571,0
2025-05-09,22.005,3.68,0.242,96,0,0,2.279,14.349,62857,1618.9,202,0,6.37,31.53,0,10.67,0,0,0,0,1746748800000,0,1,1,1,1,11.335,11.335,0,0.484889797773233,0.484889797773233,NA,NA,NA,NA,NA,9.17973187911838,20.2588571428571,159.142857142857,8.85857142857143,0
2025-05-10,14.091,4.572,0.004,96,0,0,1.981,8.34,63059,1625.27,161,0,4.75,29.5,0,18.33,0,0,0,0,1746835200000,0,1,1,1,1,-4.239,0,4.239,1.30083031722376,1,NA,NA,NA,NA,NA,11.4257327372081,21.056,173.142857142857,9.07142857142857,0
2025-05-11,6.426,2.568,0,96,0,0,1.863,2.435,63220,1630.02,158,0,4.47,28.29,0,23.99,0,0,0,0,1746921600000,0,1,1,1,1,-17.564,0,17.564,3.73327108621226,1,NA,NA,NA,NA,NA,24.5876128229069,20.1588571428571,182.428571428571,10.6985714285714,0
2025-05-12,15.553,3.276,0.212,96,0,0,1.76,10.383,63378,1634.49,133,0,3.58,26.92,0,18.75,0,0,0,0,1.747008e+12,0,1,1,1,1,-3.197,0,3.197,1.20555519835402,1,NA,NA,NA,NA,NA,8.55140487365781,17.8882857142857,179.857142857143,13.2442857142857,0
2025-05-13,15.548,4.724,0.062,96,0,0,1.769,8.732,63511,1638.07,115,0,3.16,27.48,0,20.35,0,0,0,0,1747094400000,0,1,1,1,1,-4.802,0,4.802,1.30885001286339,1,NA,NA,NA,NA,NA,7.39644970414201,16.8064285714286,168.857142857143,15.3357142857143,0
2025-05-14,9.047,2.652,0.004,96,0,0,1.957,2.922,63626,1641.23,101,0,2.77,27.43,0,17.33,0,0,0,0,1747180800000,0,1,1,1,1,-8.283,0,8.283,1.91555211672378,1,NA,NA,NA,NA,NA,11.1639217420139,14.946,154,16.5271428571429,0
2025-05-15,14.571,3.924,0.092,96,0,0,1.946,8.41,63727,1644,124,0,3.41,27.5,0,17.2,0,0,0,0,1747267200000,0,1,1,1,1,-2.629,0,2.629,1.18042687530025,1,NA,NA,NA,NA,NA,8.5100542172809,13.8915714285714,142,18.0885714285714,0
2025-05-16,10.98,4.364,0.004,96,0,0,1.968,4.855,63851,1647.41,164,0,4.56,27.8,0,14.12,0,0,0,0,1747353600000,0,1,1,1,1,-3.14,0,3.14,1.28597449908925,1,NA,NA,NA,NA,NA,14.936247723133,12.3165714285714,136.571428571429,18.5814285714286,0
2025-05-17,9.729,3.616,0,96,0,0,1.873,5.367,64015,1651.97,153,0,4.29,28.04,0,17.57,0,0,0,0,1.74744e+12,0,1,1,1,1,-7.841,0,7.841,1.80594100113064,1,NA,NA,NA,NA,NA,15.7261794634598,11.6934285714286,135.428571428571,18.4728571428571,0
2025-05-18,8.71,3.984,0,96,0,0,2.008,3.568,64168,1656.26,147,0,4.3,29.25,0,23.39,0,0,0,0,1747526400000,0,1,1,1,1,-14.68,0,14.68,2.68541905855339,1,NA,NA,NA,NA,NA,16.8771526980482,12.0197142857143,133.857142857143,18.3871428571429,0
2025-05-19,10.199,2.86,0.024,96,0,0,1.913,4.565,64315,1660.56,121,0,3.27,27.02,0,22.19,0,0,0,0,1747612800000,0,1,1,1,1,-11.991,0,11.991,2.17570350034317,1,NA,NA,NA,NA,NA,11.8639082262967,11.2548571428571,132.142857142857,18.8785714285714,0
2025-05-20,14.432,3.46,0.074,96,0,0,1.781,8.486,64436,1663.83,81,0,2.3,28.4,0,16.56,0,0,0,0,1747699200000,0,1,1,1,1,-2.128,0,2.128,1.14745011086474,1,NA,NA,NA,NA,NA,5.61252771618625,11.0954285714286,127.285714285714,18.3371428571429,0
2025-05-21,12.127,3.036,0.004,96,0,0,1.885,6.022,64517,1666.13,105,0,3.14,29.9,0,3.1,0,0,0,0,1747785600000,0,1,1,1,1,9.027,9.027,0,0.255627937659767,0.255627937659767,NA,NA,NA,NA,NA,8.65836563041148,11.5354285714286,127.857142857143,16.3042857142857,0
2025-05-22,19.538,4.296,0.23,96,0,0,1.887,13.301,64622,1669.27,160,0,4.93,30.81,0,4.93,0,0,0,0,1.747872e+12,0,1,1,1,1,14.608,14.608,0,0.25232879516839,0.25232879516839,NA,NA,NA,NA,NA,8.1891698229092,12.245,133,14.5514285714286,0
2025-05-23,15.934,4.264,0.084,96,0,0,2.031,7.493,64782,1674.2,173,0,5.22,30.17,0,15.1,0,0,0,0,1747958400000,0,1,1,1,1,0.834,0.834,0,0.947659093761767,0.947659093761767,NA,NA,NA,NA,NA,10.8572863060123,12.9527142857143,134.285714285714,14.6914285714286,0
2025-05-24,9.235,2.176,0,96,0,0,2.077,4.411,64955,1679.42,141,0,3.68,26.1,0,19.48,0,0,0,0,1748044800000,0,1,1,1,1,-10.245,0,10.245,2.10936654033568,1,NA,NA,NA,NA,NA,15.2680021656741,12.8821428571429,132.571428571429,14.9642857142857,0
2025-05-25,10.56,3.008,0,96,0,0,1.954,4.912,65096,1683.1,145,0,4.01,27.66,0,20,0,0,0,0,1748131200000,0,1,1,1,1,-9.44,0,9.44,1.89393939393939,1,NA,NA,NA,NA,NA,13.7310606060606,13.1464285714286,132.285714285714,14.48,0
2025-05-26,13.66,4.648,0.004,96,0,0,1.94,7.925,65241,1687.11,134,0,3.69,27.54,0,17.05,0,0,0,0,1748217600000,0,1,1,1,1,-3.39,0,3.39,1.24816983894583,1,NA,NA,NA,NA,NA,9.80966325036603,13.6408571428571,134.142857142857,13.7457142857143,0
2025-05-27,11.07,2,0.002,96,0,0,2.025,5.264,65375,1690.8,132,0,3.83,29.02,0,13.6,0,0,0,0,1.748304e+12,0,1,1,1,1,-2.53,0,2.53,1.22854561878952,1,NA,NA,NA,NA,NA,11.9241192411924,13.1605714285714,141.428571428571,13.3228571428571,0
2025-05-28,9.429,2.188,0,96,0,0,2.34,3.291,65507,1694.63,140,0,4.12,29.43,0,17.44,0,0,0,0,1748390400000,0,1,1,1,1,-8.011,0,8.011,1.8496128963835,1,NA,NA,NA,NA,NA,14.8478099480327,12.7751428571429,146.428571428571,15.3714285714286,0
2025-05-29,12.477,1.908,0.014,96,0,0,2.634,3.864,65647,1698.75,137,0,4.03,29.42,0,22.44,5,5,5,5,1748476800000,1,1,1,1,1,-9.963,0,9.963,1.79850925703294,1,2.4954,27.4,4.488,2.4954,27.4,10.9802035745772,11.7664285714286,143.142857142857,17.8728571428571,0.714285714285714
2025-05-30,16.983,2.976,0.004,96,0,0,3.173,6.608,65784,1702.78,80,0,2.4,30,0,23.63,0,5,0,5,1748563200000,1,1,1,1,1,-6.647,0,6.647,1.39139139139139,1,3.3966,16,4.726,NA,NA,4.71059294588706,11.9162857142857,129.857142857143,19.0914285714286,1.42857142857143
2025-05-31,10.805,2.952,0,96,0,0,3.246,2.594,65864,1705.18,36,0,1.08,30,0,23.85,0,5,0,5,1748649600000,1,1,1,1,1,-13.045,0,13.045,2.20731142989357,1,2.161,7.2,4.77,NA,NA,3.3317908375752,12.1405714285714,114.857142857143,19.7157142857143,2.14285714285714
2025-06-01,12.462,3.984,0.002,96,0,0,2.798,5.93,65900,1706.26,34,0,1.13,33.24,0,21.36,0,0,0,0,1.748736e+12,0,1,1,1,1,-8.898,0,8.898,1.71401059220029,1,NA,NA,NA,NA,NA,2.72829401380196,12.4122857142857,99,19.91,2.14285714285714
2025-06-02,18.117,4.04,0.05,96,0,0,2.031,12.155,65934,1707.39,21,0,0.61,29.05,0,16.31,0,0,0,0,1748822400000,0,1,1,1,1,1.807,1.807,0,0.900259424849589,0.900259424849589,NA,NA,NA,NA,NA,1.15913230667329,13.049,82.8571428571429,19.8042857142857,2.14285714285714
2025-06-03,26.018,4.844,0.264,96,0,0,1.928,18.289,65955,1708,60,0,1.8,30,0,4.84,0,0,0,0,1748908800000,0,1,1,1,1,21.178,21.178,0,0.186025059574141,0.186025059574141,NA,NA,NA,NA,NA,2.30609577984472,15.1844285714286,72.5714285714286,18.5528571428571,2.14285714285714
2025-06-04,9.829,2.088,0.004,96,0,0,1.811,3.715,66015,1709.8,25,0,0.9,36,0,21.18,0,0,0,0,1748995200000,0,1,1,1,1,-11.351,0,11.351,2.15484789907417,1,NA,NA,NA,NA,NA,2.54349374300539,15.2415714285714,56.1428571428571,19.0871428571429,2.14285714285714
2025-06-05,16.937,4.828,0.122,96,0,0,1.801,10.722,66040,1710.7,44,0,1.34,30.45,0,13.14,0,0,0,0,1749081600000,0,1,1,1,1,3.797,3.797,0,0.775816260258605,0.775816260258605,NA,NA,NA,NA,NA,2.59786266753262,15.8787142857143,42.8571428571429,17.7585714285714,1.42857142857143
2025-06-06,8.175,3.692,0,96,0,0,2.106,2.919,66084,1712.04,13,0,0.51,39.23,0,22.57,0,0,0,0,1.749168e+12,0,1,1,1,1,-14.395,0,14.395,2.76085626911315,1,NA,NA,NA,NA,NA,1.59021406727829,14.6204285714286,33.2857142857143,17.6071428571429,0.714285714285714
2025-06-07,10.953,2.672,0.002,96,0,0,2.469,5.152,66097,1712.55,26,0,0.74,28.46,0,13.8,5,5,5,5,1749254400000,1,1,1,1,1,-2.847,0,2.847,1.2599287866338,1,2.1906,5.2,2.76,2.1906,5.2,2.37377887336803,14.6415714285714,31.8571428571429,16.1714285714286,0.714285714285714
2025-06-08,18.146,3.372,0.35,96,0,0,3.094,8.786,66123,1713.29,77,0,2.82,36.62,0,8.18,0,5,0,5,1749340800000,1,1,1,1,1,9.966,9.966,0,0.450788052463353,0.450788052463353,3.6292,15.4,1.636,NA,NA,4.24335941805356,15.4535714285714,38,14.2885714285714,1.42857142857143
2025-06-09,11.335,2.184,0,96,0,0,3.049,3.67,66200,1716.11,53,0,1.92,36.23,0,25.27,0,5,0,5,1749427200000,1,1,1,1,1,-13.935,0,13.935,2.22937803264226,1,2.267,10.6,5.054,NA,NA,4.67578297309219,14.4847142857143,42.5714285714286,15.5685714285714,2.14285714285714
2025-06-10,13.609,2.604,0.004,96,0,0,2.616,5.074,66253,1718.03,31,0,1.03,33.23,0,24.35,0,5,0,5,1749513600000,1,1,1,1,1,-10.741,0,10.741,1.78925710926593,1,2.7218,6.2,4.87,NA,NA,2.27790432801822,12.712,38.4285714285714,18.3557142857143,2.85714285714286
2025-06-11,12.588,2.856,0,96,0,0,2.586,4.497,66284,1719.06,19,0,0.67,35.26,0,23.86,0,5,0,5,1.7496e+12,1,1,1,1,1,-11.272,0,11.272,1.89545598983159,1,2.5176,3.8,4.772,NA,NA,1.50937400699079,13.1061428571429,37.5714285714286,18.7385714285714,3.57142857142857
2025-06-12,10.494,1.424,0,96,0,0,3.187,2.801,66303,1719.73,27,0,1.16,42.96,0,24.11,0,5,0,5,1749686400000,1,1,1,1,1,-13.616,0,13.616,2.29750333523918,1,2.0988,5.4,4.822,NA,NA,2.57289879931389,12.1857142857143,35.1428571428571,20.3057142857143,4.28571428571429
2025-06-13,9.177,2.5,0,96,0,0,2.593,1.764,66330,1720.89,42,0,1.99,47.38,0,24.25,0,5,0,5,1749772800000,1,1,1,1,1,-15.073,0,15.073,2.6424757546039,1,1.8354,8.4,4.85,NA,NA,4.5766590389016,12.3288571428571,39.2857142857143,20.5457142857143,5
2025-06-14,10.322,1.884,0,96,0,0,2.73,3.842,66372,1722.88,59,0,2.97,50.34,0,23.26,0,5,0,5,1749859200000,1,1,1,1,1,-12.938,0,12.938,2.25343925595815,1,2.0644,11.8,4.652,NA,NA,5.71594652199186,12.2387142857143,44,21.8971428571429,5
2025-06-15,11.811,2.26,0,96,0,0,2.864,5.346,66431,1725.85,43,0,2.27,52.79,0,20.88,0,5,0,5,1749945600000,1,1,1,1,1,-9.069,0,9.069,1.76784353568707,1,2.3622,8.6,4.176,NA,NA,3.64067394801456,11.3337142857143,39.1428571428571,23.7114285714286,5
2025-06-16,18.024,2.736,0.22,96,0,0,2.68,8.896,66474,1728.12,51,0,2.48,48.63,0,12.09,0,5,0,5,1.750032e+12,1,1,1,1,1,5.934,5.934,0,0.670772303595206,0.670772303595206,3.6048,10.2,2.418,NA,NA,2.82956058588549,12.2892857142857,38.8571428571429,21.8285714285714,5
2025-06-17,14.032,4.348,0,96,0,0,2.687,4.56,66525,1730.6,48,0,2.34,48.75,0,19.32,0,5,0,5,1750118400000,1,1,1,1,1,-5.288,0,5.288,1.37685290763968,1,2.8064,9.6,3.864,NA,NA,3.42075256556442,12.3497142857143,41.2857142857143,21.11,5
2025-06-18,9.623,3.108,0,96,0,0,2.458,3.393,66573,1732.94,24,0,1.1,45.83,0,24.64,0,5,0,5,1750204800000,1,1,1,1,1,-15.017,0,15.017,2.56053205860958,1,1.9246,4.8,4.928,NA,NA,2.49402473241193,11.9261428571429,42,21.2214285714286,5
2025-06-19,8.761,1.484,0,96,0,0,2.836,2.581,66597,1734.04,18,0,0.75,41.67,0,23.85,0,5,0,5,1750291200000,1,1,1,1,1,-15.089,0,15.089,2.72229197580185,1,1.7522,3.6,4.77,NA,NA,2.05455998173724,11.6785714285714,40.7142857142857,21.1842857142857,5
2025-06-20,12.893,1.848,0.024,96,0,0,3.508,4.642,66615,1734.79,20,0,0.92,46,0,24.27,0,5,0,5,1750377600000,1,1,1,1,1,-11.377,0,11.377,1.88241681532615,1,2.5786,4,4.854,NA,NA,1.55122934925929,12.2094285714286,37.5714285714286,21.1871428571429,5
2025-06-21,6.96,2.06,0,96,0,0,2.065,1.821,66635,1735.71,10,0,0.46,46,0,24.26,0,0,0,0,1.750464e+12,0,1,1,1,1,-17.3,0,17.3,3.48563218390805,1,NA,NA,NA,NA,NA,1.4367816091954,11.7291428571429,30.5714285714286,21.33,4.28571428571429
2025-06-22,6.215,1.072,0,96,0,0,2.061,1.557,66645,1736.17,9,0,0.31,34.44,0,24.58,0,0,0,0,1750550400000,0,1,1,1,1,-18.365,0,18.365,3.9549477071601,1,NA,NA,NA,NA,NA,1.44810941271118,10.9297142857143,25.7142857142857,21.8585714285714,3.57142857142857
2025-06-23,16.568,4.68,0.042,96,0,0,1.887,9.044,66654,1736.48,13,0,0.31,23.85,0,19.33,0,0,0,0,1750636800000,0,1,1,1,1,-2.762,0,2.762,1.16670690487687,1,NA,NA,NA,NA,NA,0.784645098985997,10.7217142857143,20.2857142857143,22.8928571428571,2.85714285714286
2025-06-24,5.833,1.104,0,96,0,0,1.838,1.312,66667,1736.79,7,0,0.25,35.71,0,24.1,0,0,0,0,1750723200000,0,1,1,1,1,-18.267,0,18.267,4.13166466655237,1,NA,NA,NA,NA,NA,1.20006857534716,9.55042857142857,14.4285714285714,23.5757142857143,2.14285714285714
2025-06-25,8.68,2.412,0,96,0,0,2.523,1.989,66674,1737.04,0,0,0,0,0,22.71,0,0,0,0,1750809600000,0,1,1,1,1,-14.03,0,14.03,2.61635944700461,1,NA,NA,NA,NA,NA,0,9.41571428571429,11,23.3,1.42857142857143
2025-06-26,10.716,2.348,0,96,0,0,2.737,3.485,66674,1737.04,12,0,0.32,26.67,0,22.91,0,0,0,0,1.750896e+12,0,1,1,1,1,-12.194,0,12.194,2.13792459873087,1,NA,NA,NA,NA,NA,1.11982082866741,9.695,10.1428571428571,23.1657142857143,0.714285714285714
2025-06-27,6.545,1.56,0,96,0,0,2.091,0.973,66686,1737.36,0,0,0,0,0,22.56,0,0,0,0,1750982400000,0,1,1,1,1,-16.015,0,16.015,3.44690603514133,1,NA,NA,NA,NA,NA,0,8.78814285714286,7.28571428571429,22.9214285714286,0
2025-06-28,7.308,1.464,0,96,0,0,2.242,2.025,66686,1737.36,10,0,0.24,24,0,22.5,0,0,0,0,1751068800000,0,1,1,1,1,-15.192,0,15.192,3.07881773399015,1,NA,NA,NA,NA,NA,1.36836343732895,8.83785714285714,7.28571428571429,22.67,0
2025-06-29,7.708,1.168,0,96,0,0,3.29,0.544,66696,1737.6,0,0,0,0,0,23.22,2,2,2,2,1751155200000,1,1,1,1,1,-15.512,0,15.512,3.01245459263103,1,3.854,0,11.61,3.854,0,0,9.05114285714286,6,22.4757142857143,0.285714285714286
2025-06-30,15.047,3.536,0.06,96,0,0,2.646,9.044,66696,1737.6,15,0,0.41,27.33,0,17.06,0,2,0,2,1751241600000,1,1,1,1,1,-2.013,0,2.013,1.13378082009703,1,7.5235,7.5,8.53,NA,NA,0.996876453778162,8.83385714285714,6.28571428571429,22.1514285714286,0.571428571428571
2025-07-01,7.441,1.156,0,96,0,0,2.438,1.971,66711,1738.01,11,0,0.45,40.91,0,18.68,0,2,0,2,1.751328e+12,1,1,1,1,1,-11.239,0,11.239,2.51041526676522,1,3.7205,5.5,9.34,NA,NA,1.47829592796667,9.06357142857143,6.85714285714286,21.3771428571429,0.857142857142857
2025-07-02,8.048,1.192,0,96,0,0,3.292,1.269,66722,1738.46,11,0,0.51,46.36,0,22.77,0,2,0,2,1751414400000,1,1,1,1,1,-14.722,0,14.722,2.82927435387674,1,4.024,5.5,11.385,NA,NA,1.36679920477137,8.97328571428571,8.42857142857143,21.3857142857143,1.14285714285714
2025-07-03,14.448,2.34,0,96,0,0,2.966,6.346,66733,1738.97,5,0,0.21,42,0,20.59,0,2,0,2,1751500800000,1,1,1,1,1,-6.142,0,6.142,1.42511074197121,1,7.224,2.5,10.295,NA,NA,0.346068660022148,9.50642857142857,7.42857142857143,21.0542857142857,1.42857142857143
2025-07-04,13.662,4.04,0.018,96,0,0,3.319,6.072,66738,1739.18,18,0,0.82,45.56,0,18.09,0,2,0,2,1751587200000,1,1,1,1,1,-4.428,0,4.428,1.32411067193676,1,6.831,9,9.045,NA,NA,1.31752305665349,10.5231428571429,10,20.4157142857143,1.71428571428571
2025-07-05,13.577,2.548,0.122,96,0,0,3.17,6.761,66756,1740,17,0,0.99,58.24,0,15.22,0,0,0,0,1751673600000,0,1,1,1,1,-1.643,0,1.643,1.12101347867717,1,NA,NA,NA,NA,NA,1.25211755174192,11.4187142857143,11,19.3757142857143,1.71428571428571
2025-07-06,12.549,1.884,0,96,0,0,3.174,5.513,66773,1740.99,14,0,0.65,46.43,0,13.92,3,3,3,3,1.75176e+12,1,1,1,1,1,-1.371,0,1.371,1.10925173320583,1,4.183,4.66666666666667,4.64,4.183,4.66666666666667,1.11562674316679,12.1102857142857,13,18.0471428571429,1.85714285714286
2025-07-07,17.588,2.104,0.018,96,0,0,4.456,8.07,66787,1741.64,21,0,1,47.62,0,17.03,0,3,0,3,1751846400000,1,1,1,1,1,0.558,0.558,0,0.968273823061178,0.968273823061178,5.86266666666667,7,5.67666666666667,NA,NA,1.19399590629975,12.4732857142857,13.8571428571429,18.0428571428571,2
2025-07-08,16.359,3.252,0.032,96,0,0,2.9,9.072,66808,1742.64,40,0,1.87,46.75,0,12,0,3,0,3,1751932800000,1,1,1,1,1,4.359,4.359,0,0.733541169998166,0.733541169998166,5.453,13.3333333333333,4,NA,NA,2.44513723332722,13.7472857142857,18,17.0885714285714,2.14285714285714
2025-07-09,11.576,2.816,0,96,0,0,2.926,3.145,66848,1744.51,31,0,1.61,51.94,0,22.3,2,5,2,5,1752019200000,1,1,1,1,1,-10.724,0,10.724,1.926399447132,1,2.3152,6.2,4.46,5.788,15.5,2.67795438838977,14.2512857142857,20.8571428571429,17.0214285714286,2.57142857142857
2025-07-10,17.111,2.712,0.174,96,0,0,2.847,10.362,66879,1746.12,44,0,2.16,49.09,0,16.93,0,5,0,5,1752105600000,1,1,1,1,1,0.181000000000001,0.181000000000001,0,0.989422009233826,0.989422009233826,3.4222,8.8,3.386,NA,NA,2.57144526912512,14.6317142857143,26.4285714285714,16.4985714285714,3
2025-07-11,14.748,2.14,0.09,96,0,0,2.809,7.349,66923,1748.28,56,0,2.67,47.68,0,11.43,0,5,0,5,1.752192e+12,1,1,1,1,1,3.318,3.318,0,0.775020341741253,0.775020341741253,2.9496,11.2,2.286,NA,NA,3.7971250339029,14.7868571428571,31.8571428571429,15.5471428571429,3.42857142857143
2025-07-12,13.685,2.812,0.07,96,0,0,2.565,7.098,66979,1750.95,47,0,2.17,46.17,0,15.63,0,5,0,5,1752278400000,1,1,1,1,1,-1.945,0,1.945,1.1421264157837,1,2.737,9.4,3.126,NA,NA,3.43441724515893,14.8022857142857,36.1428571428571,15.6057142857143,4.14285714285714
2025-07-13,11.979,2.372,0.018,96,0,0,4.082,4.107,67026,1753.12,32,0,1.64,51.25,0,16.45,0,3,0,3,1752364800000,1,1,1,1,1,-4.471,0,4.471,1.37323649720344,1,3.993,10.6666666666667,5.48333333333333,NA,NA,2.67134151431672,14.7208571428571,38.7142857142857,15.9671428571429,4.14285714285714
2025-07-14,12.927,2.024,0.052,96,0,0,2.622,6.659,67058,1754.76,22,0,0.99,45,0,17.14,0,3,0,3,1752451200000,1,1,1,1,1,-4.213,0,4.213,1.32590701632243,1,4.309,7.33333333333333,5.71333333333333,NA,NA,1.70186431499961,14.055,38.8571428571429,15.9828571428571,4.14285714285714
2025-07-15,14.098,3.052,0,96,0,0,2.539,6.665,67080,1755.75,21,0,0.98,46.67,0,19.05,0,3,0,3,1752537600000,1,1,1,1,1,-4.952,0,4.952,1.35125549723365,1,4.69933333333333,7,6.35,NA,NA,1.48957298907646,13.732,36.1428571428571,16.99,4.14285714285714
2025-07-16,17.595,2.784,0.326,96,0,0,3.057,10.912,67101,1756.73,53,0,2.49,46.98,0,9.64,0,3,0,3,1.752624e+12,1,1,1,1,1,7.955,7.955,0,0.547882921284456,0.547882921284456,5.865,17.6666666666667,3.21333333333333,NA,NA,3.01221938050583,14.5918571428571,39.2857142857143,15.1814285714286,3.85714285714286
2025-07-17,7.176,0.9,0,96,0,0,2.631,1.144,67154,1759.22,22,0,1.11,50.45,0,24.18,0,3,0,3,1752710400000,1,1,1,1,1,-17.004,0,17.004,3.3695652173913,1,2.392,7.33333333333333,8.06,NA,NA,3.06577480490524,13.1725714285714,36.1428571428571,16.2171428571429,3.57142857142857
2025-07-18,12.032,2.264,0.004,96,0,0,2.519,5.588,67176,1760.33,25,0,0.99,39.6,0,21.45,0,3,0,3,1752796800000,1,1,1,1,1,-9.418,0,9.418,1.7827460106383,1,4.01066666666667,8.33333333333333,7.15,NA,NA,2.07779255319149,12.7845714285714,31.7142857142857,17.6485714285714,3.28571428571429
2025-07-19,9.58,2.068,0,96,0,0,2.436,2.749,67201,1761.32,12,0,0.56,46.67,0,23.01,2,5,2,5,1752883200000,1,1,1,1,1,-13.43,0,13.43,2.40187891440501,1,1.916,2.4,4.602,4.79,6,1.25260960334029,12.1981428571429,26.7142857142857,18.7028571428571,3.28571428571429
2025-07-20,11.942,3.336,0,96,0,0,2.794,5.72,67213,1761.88,21,0,1.04,49.52,0,22.23,0,5,0,5,1752969600000,1,1,1,1,1,-10.288,0,10.288,1.86149723664378,1,2.3884,4.2,4.446,NA,NA,1.75849941383353,12.1928571428571,25.1428571428571,19.5285714285714,3.57142857142857
2025-07-21,21.179,3.196,0.184,96,0,0,2.684,10.938,67234,1762.92,29,0,1.38,47.59,0,12.51,0,5,0,5,1.753056e+12,1,1,1,1,1,8.669,8.669,0,0.590679446621654,0.590679446621654,4.2358,5.8,2.502,NA,NA,1.36928089144908,13.3717142857143,26.1428571428571,18.8671428571429,3.85714285714286
2025-07-22,14.331,2.524,0.066,96,0,0,2.864,6.178,67263,1764.3,27,0,1.38,51.11,0,18.76,0,5,0,5,1753142400000,1,1,1,1,1,-4.429,0,4.429,1.30905031051567,1,2.8662,5.4,3.752,NA,NA,1.88402763240528,13.405,27,18.8257142857143,4.14285714285714
2025-07-23,16.734,3.668,0.08,96,0,0,3.189,9.273,67290,1765.68,34,0,1.68,49.41,0,16.37,0,5,0,5,1753228800000,1,1,1,1,1,0.364000000000001,0.364000000000001,0,0.978247878570575,0.978247878570575,3.3468,6.8,3.274,NA,NA,2.03179156208916,13.282,24.2857142857143,19.7871428571429,4.42857142857143
2025-07-24,20.355,4.452,0.242,96,0,0,2.734,13.152,67324,1767.36,41,0,2.09,50.98,0,10.14,0,5,0,5,1753315200000,1,1,1,1,1,10.215,10.215,0,0.498157700810612,0.498157700810612,4.071,8.2,2.028,NA,NA,2.01424711373127,15.1647142857143,27,17.7814285714286,4.71428571428571
2025-07-25,21.647,3.092,0.31,96,0,0,2.68,13.037,67365,1769.45,52,0,2.69,51.73,0,6.7,0,5,0,5,1753401600000,1,1,1,1,1,14.947,14.947,0,0.309511710629648,0.309511710629648,4.3294,10.4,1.34,NA,NA,2.40218044070772,16.5382857142857,30.8571428571429,15.6742857142857,5
2025-07-26,22.996,4.844,0.046,96,0,0,2.546,15.014,67417,1772.14,68,0,3.2,47.06,0,11.34,0,5,0,5,1.753488e+12,1,1,1,1,1,11.656,11.656,0,0.493129239867803,0.493129239867803,4.5992,13.6,2.268,NA,NA,2.95703600626196,18.4548571428571,38.8571428571429,14.0071428571429,5
2025-07-27,13.68,3.104,0.028,96,0,0,2.65,5.853,67485,1775.34,29,0,1.33,45.86,0,18.47,2,5,2,5,1753574400000,1,1,1,1,1,-4.79,0,4.79,1.35014619883041,1,2.736,5.8,3.694,6.84,14.5,2.11988304093567,18.7031428571429,40,13.47,5
2025-07-28,19.573,4.908,0.268,96,0,0,2.583,11.429,67514,1776.67,52,0,2.55,49.04,0,10.53,0,5,0,5,1753660800000,1,1,1,1,1,9.043,9.043,0,0.537986001123997,0.537986001123997,3.9146,10.4,2.106,NA,NA,2.65672099320492,18.4737142857143,43.2857142857143,13.1871428571429,5
2025-07-29,14.188,2.212,0.012,96,0,0,2.7,5.731,67566,1779.22,43,0,2.21,51.4,0,15.86,0,5,0,5,1753747200000,1,1,1,1,1,-1.672,0,1.672,1.11784606709896,1,2.8376,8.6,3.172,NA,NA,3.03073019453059,18.4532857142857,45.5714285714286,12.7728571428571,5
2025-07-30,13.176,1.904,0.016,96,0,0,2.73,5.39,67609,1781.43,41,0,1.59,38.78,0,20.67,0,5,0,5,1753833600000,1,1,1,1,1,-7.494,0,7.494,1.56876138433515,1,2.6352,8.2,4.134,NA,NA,3.1117182756527,17.945,46.5714285714286,13.3871428571429,5
2025-07-31,14.493,2.312,0,96,0,0,2.446,6.342,67650,1783.02,40,0,1.82,45.5,0,18.88,0,5,0,5,1.75392e+12,1,1,1,1,1,-4.387,0,4.387,1.30269785413648,1,2.8986,8,3.776,NA,NA,2.75995308079763,17.1075714285714,46.4285714285714,14.6357142857143,5
2025-08-01,14.094,3.06,0.042,96,0,0,2.665,6.804,67690,1784.84,54,0,2.23,41.3,0,14.89,0,5,0,5,1754006400000,1,1,1,1,1,-0.796000000000001,0,0.796000000000001,1.05647793387257,1,2.8188,10.8,2.978,NA,NA,3.83141762452107,16.0285714285714,46.7142857142857,15.8057142857143,5
2025-08-02,30.298,4.324,0.342,96,0,0,2.745,23.141,67744,1787.07,88,0,3.66,41.59,0,4.21,0,5,0,5,1754092800000,1,1,1,1,1,26.088,26.088,0,0.138953066208991,0.138953066208991,6.0596,17.6,0.842,NA,NA,2.90448214403591,17.0717142857143,49.5714285714286,14.7871428571429,5
2025-08-03,15.099,3.336,0,96,0,0,2.25,8.053,67832,1790.73,76,0,3.03,39.87,0,17.26,0,4,0,4,1754179200000,1,1,1,1,1,-2.161,0,2.161,1.14312206106365,1,3.77475,19,4.315,NA,NA,5.0334459235711,17.2744285714286,56.2857142857143,14.6142857142857,4.85714285714286
2025-08-04,12.284,1.376,0.106,96,0,0,2.603,5.697,67908,1793.76,62,0,2.25,36.29,0,16.47,0,4,0,4,1754265600000,1,1,1,1,1,-4.186,0,4.186,1.3407684793227,1,3.071,15.5,4.1175,NA,NA,5.04721589058938,16.2331428571429,57.7142857142857,15.4628571428571,4.71428571428571
2025-08-05,11.222,2.44,0,96,0,0,2.317,4.353,67970,1796.01,38,0,1.53,40.26,0,19.99,0,4,0,4,1.754352e+12,1,1,1,1,1,-8.768,0,8.768,1.78132240242381,1,2.8055,9.5,4.9975,NA,NA,3.38620566743896,15.8094285714286,57,16.0528571428571,4.57142857142857
2025-08-06,17.024,2.9,0.12,96,0,0,2.28,9.685,68008,1797.54,72,0,3.07,42.64,0,12.61,0,4,0,4,1754438400000,1,1,1,1,1,4.414,4.414,0,0.740718984962406,0.740718984962406,4.256,18,3.1525,NA,NA,4.22932330827068,16.3591428571429,61.4285714285714,14.9014285714286,4.42857142857143
2025-08-07,13.392,4.132,0,96,0,0,2.672,5.591,68080,1800.61,39,0,1.67,42.82,0,18.78,0,4,0,4,1754524800000,1,1,1,1,1,-5.388,0,5.388,1.40232974910394,1,3.348,9.75,4.695,NA,NA,2.91218637992832,16.2018571428571,61.2857142857143,14.8871428571429,4.28571428571429
2025-08-08,15.222,3.724,0.022,96,0,0,2.606,4.979,68119,1802.28,26,0,1.19,45.77,0,20.98,0,4,0,4,1754611200000,1,1,1,1,1,-5.758,0,5.758,1.37826829588753,1,3.8055,6.5,5.245,NA,NA,1.70805413217711,16.363,57.2857142857143,15.7571428571429,4.14285714285714
2025-08-09,10.734,1.728,0,96,0,0,2.771,3.338,68145,1803.47,21,0,0.99,47.14,0,20.8,0,4,0,4,1754697600000,1,1,1,1,1,-10.066,0,10.066,1.9377678405068,1,2.6835,5.25,5.2,NA,NA,1.9564002235886,13.5681428571429,47.7142857142857,18.1271428571429,4
2025-08-10,18.722,3.208,0.012,96,0,0,4.081,8.464,68166,1804.46,20,0,0.92,46,0,20.33,4,6,4,6,1.754784e+12,1,1,1,1,1,-1.608,0,1.608,1.0858882598013,1,3.12033333333333,3.33333333333333,3.38833333333333,4.6805,5,1.06826193782716,14.0857142857143,39.7142857142857,18.5657142857143,4.28571428571429
2025-08-11,13.455,2.332,0,96,0,0,3.997,3.821,68186,1805.38,15,0,0.68,45.33,0,20.59,0,6,0,6,1754870400000,1,1,1,1,1,-7.135,0,7.135,1.53028613898179,1,2.2425,2.5,3.43166666666667,NA,NA,1.11482720178372,14.253,33,19.1542857142857,4.57142857142857
2025-08-12,14.143,4.012,0,96,0,0,2.966,5.638,68201,1806.06,24,0,1.12,46.67,0,20.4,0,6,0,6,1754956800000,1,1,1,1,1,-6.257,0,6.257,1.44240967262957,1,2.35716666666667,4,3.4,NA,NA,1.69695255603479,14.6702857142857,31,19.2128571428571,4.85714285714286
2025-08-13,14.975,3.528,0,96,0,0,4.051,4.931,68225,1807.18,22,0,1.13,51.36,0,20.01,0,6,0,6,1755043200000,1,1,1,1,1,-5.035,0,5.035,1.33622704507513,1,2.49583333333333,3.66666666666667,3.335,NA,NA,1.46911519198664,14.3775714285714,23.8571428571429,20.27,5.14285714285714
2025-08-14,16.756,3.988,0,96,0,0,3.41,6.909,68247,1808.31,20,0,1.04,52,0,20.06,0,6,0,6,1755129600000,1,1,1,1,1,-3.304,0,3.304,1.19718309859155,1,2.79266666666667,3.33333333333333,3.34333333333333,NA,NA,1.1936022917164,14.8581428571429,21.1428571428571,20.4528571428571,5.42857142857143
2025-08-15,13.929,3.988,0,96,0,0,3.492,5.015,68267,1809.35,21,0,1.08,51.43,0,20.17,0,6,0,6,1.755216e+12,1,1,1,1,1,-6.241,0,6.241,1.44805800847153,1,2.3215,3.5,3.36166666666667,NA,NA,1.50764591858712,14.6734285714286,20.4285714285714,20.3371428571429,5.71428571428571
2025-08-16,17.937,3.192,0.066,96,0,0,3.55,8.563,68288,1810.43,22,0,1.14,51.82,0,17.63,2,6,2,6,1755302400000,1,1,1,1,1,0.307000000000002,0.307000000000002,0,0.982884540335619,0.982884540335619,2.9895,3.66666666666667,2.93833333333333,8.9685,11,1.22651502480905,15.7024285714286,20.5714285714286,19.8842857142857,6
2025-08-17,14.323,1.84,0.072,96,9,0.09375,2.954,7.09,68310,1811.57,29,0,1.64,56.55,0,15.88,0,6,0,6,1755388800000,1,1,1,1,1,-1.557,0,1.557,1.10870627661803,1,2.38716666666667,4.83333333333333,2.64666666666667,NA,NA,2.02471549256441,15.074,21.8571428571429,19.2485714285714,6
2025-08-18,16.643,2.912,0.008,96,0,0,3.699,8.078,68339,1813.21,26,0,1.33,51.15,0,20.52,0,6,0,6,1755475200000,1,1,1,1,1,-3.877,0,3.877,1.23295079012197,1,2.77383333333333,4.33333333333333,3.42,NA,NA,1.56221835005708,15.5294285714286,23.4285714285714,19.2385714285714,6
2025-08-19,13.374,2.664,0.01,96,0,0,3.94,4.332,68365,1814.54,24,0,1.26,52.5,0,19.88,0,6,0,6,1755561600000,1,1,1,1,1,-6.506,0,6.506,1.48646627785255,1,2.229,4,3.31333333333333,NA,NA,1.79452669358457,15.4195714285714,23.4285714285714,19.1642857142857,6
2025-08-20,18.258,3.18,0.212,96,0,0,2.79,11.284,68389,1815.8,56,0,2.99,53.39,0,9.18,0,6,0,6,1.755648e+12,1,1,1,1,1,9.078,9.078,0,0.502793296089385,0.502793296089385,3.043,9.33333333333333,1.53,NA,NA,3.06714864716836,15.8885714285714,28.2857142857143,17.6171428571429,6
2025-08-21,31.951,5.78,0.388,96,0,0,2.862,22.175,68445,1818.79,57,0,3.04,53.33,0,6.58,0,6,0,6,1755734400000,1,1,1,1,1,25.371,25.371,0,0.20594034615505,0.20594034615505,5.32516666666667,9.5,1.09666666666667,NA,NA,1.78398172201183,18.0592857142857,33.5714285714286,15.6914285714286,6
2025-08-22,16.647,4.356,0.02,96,0,0,2.73,9.77,68502,1821.83,39,0,2.12,54.36,0,15.11,0,6,0,6,1755820800000,1,1,1,1,1,1.537,1.537,0,0.907671051841173,0.907671051841173,2.7745,6.5,2.51833333333333,NA,NA,2.34276446206524,18.4475714285714,36.1428571428571,14.9685714285714,6
2025-08-23,15.067,2.28,0.144,96,0,0,3.115,7.791,68541,1823.95,46,0,2.4,52.17,0,14,0,6,0,6,1755907200000,1,1,1,1,1,1.067,1.067,0,0.929182982677374,0.929182982677374,2.51116666666667,7.66666666666667,2.33333333333333,NA,NA,3.05302980022566,18.0375714285714,39.5714285714286,14.45,6
2025-08-24,15.554,3.46,0.046,96,0,0,2.523,7.983,68587,1826.35,47,0,1.98,42.13,0,16.93,0,6,0,6,1755993600000,1,1,1,1,1,-1.376,0,1.376,1.08846598945609,1,2.59233333333333,7.83333333333333,2.82166666666667,NA,NA,3.02173074450302,18.2134285714286,42.1428571428571,14.6,6
2025-08-25,14.694,2.736,0.04,96,0,0,2.575,6.231,68634,1828.33,40,0,1.72,43,0,19.93,0,6,0,6,1.75608e+12,1,1,1,1,1,-5.236,0,5.236,1.35633591942289,1,2.449,6.66666666666667,3.32166666666667,NA,NA,2.72219953722608,17.935,44.1428571428571,14.5157142857143,6
2025-08-26,12.279,2.832,0,96,0,0,2.309,4.995,68674,1830.05,43,0,1.84,42.79,0,19.83,0,4,0,4,1756166400000,1,1,1,1,1,-7.551,0,7.551,1.61495235768385,1,3.06975,10.75,4.9575,NA,NA,3.50191383663165,17.7785714285714,46.8571428571429,14.5085714285714,5.71428571428571
2025-08-27,11.746,2.12,0.032,96,0,0,2.164,5.299,68717,1831.89,24,0,1.08,45,0,17.26,0,4,0,4,1756252800000,1,1,1,1,1,-5.514,0,5.514,1.46943640388217,1,2.9365,6,4.315,NA,NA,2.0432487655372,16.8482857142857,42.2857142857143,15.6628571428571,5.42857142857143
2025-08-28,24.782,3.936,0.344,96,0,0,2.649,17.179,68741,1832.97,52,0,2.2,42.31,0,4.89,2,6,2,6,1756339200000,1,1,1,1,1,19.892,19.892,0,0.197320635945444,0.197320635945444,4.13033333333333,8.66666666666667,0.815,12.391,26,2.0982971511581,15.8241428571429,41.5714285714286,15.4214285714286,5.42857142857143
2025-08-29,21.89,5.344,0.27,96,0,0,2.343,15.011,68793,1835.17,50,0,2.5,50,0,6.23,0,6,0,6,1756425600000,1,1,1,1,1,15.66,15.66,0,0.284604842393787,0.284604842393787,3.64833333333333,8.33333333333333,1.03833333333333,NA,NA,2.28414801279123,16.5731428571429,43.1428571428571,14.1528571428571,5.42857142857143
2025-08-30,13.507,3.564,0.004,96,0,0,2.587,6.925,68843,1837.67,56,0,2.11,37.68,0,15.76,0,4,0,4,1.756512e+12,1,1,1,1,1,-2.253,0,2.253,1.1668023987562,1,3.37675,14,3.94,NA,NA,4.14599837121493,16.3502857142857,44.5714285714286,14.4042857142857,5.14285714285714
2025-08-31,13.988,3.264,0.004,96,0,0,2.504,7.901,68899,1839.78,40,0,1.46,36.5,0,18.33,0,4,0,4,1756598400000,1,1,1,1,1,-4.342,0,4.342,1.31040892193309,1,3.497,10,4.5825,NA,NA,2.85959393766085,16.1265714285714,43.5714285714286,14.6042857142857,4.85714285714286
2025-09-01,10.079,1.948,0,96,0,0,2.575,2.856,68939,1841.24,26,0,0.92,35.38,0,18.6,0,4,0,4,1756684800000,1,1,1,1,1,-8.521,0,8.521,1.84542117273539,1,2.51975,6.5,4.65,NA,NA,2.57962099414624,15.4672857142857,41.5714285714286,14.4142857142857,4.57142857142857
2025-09-02,11.279,1.896,0,96,0,0,3.027,4.903,68965,1842.16,63,0,2.37,37.62,0,8.16,0,2,0,2,1756771200000,1,1,1,1,1,3.119,3.119,0,0.723468392587995,0.723468392587995,5.6395,31.5,4.08,NA,NA,5.58560156042202,15.3244285714286,44.4285714285714,12.7471428571429,4.28571428571429
2025-09-03,12.604,3.34,0,96,0,0,3.333,4.617,69028,1844.53,42,0,1.39,33.1,0,19.36,2,2,2,2,1756857600000,1,1,1,1,1,-6.756,0,6.756,1.53602031101238,1,6.302,21,9.68,6.302,21,3.33227546810536,15.447,47,13.0471428571429,4
2025-09-04,9.016,1.432,0.01,96,0,0,2.209,3.354,69070,1845.92,38,0,1.12,29.47,0,18.62,0,2,0,2,1.756944e+12,1,1,1,1,1,-9.604,0,9.604,2.06521739130435,1,4.508,19,9.31,NA,NA,4.21472937000887,13.1947142857143,45,15.0085714285714,3.42857142857143
2025-09-05,9.396,1.532,0,96,0,0,2.289,3.961,69108,1847.04,21,0,0.63,30,0,15.44,0,2,0,2,1757030400000,1,1,1,1,1,-6.044,0,6.044,1.64325244785015,1,4.698,10.5,7.72,NA,NA,2.23499361430396,11.4098571428571,40.8571428571429,16.3242857142857,2.85714285714286
2025-09-06,19.145,5.86,0,96,0,0,2.268,10.889,69129,1847.67,40,0,1.22,30.5,0,18.9,0,2,0,2,1757116800000,1,1,1,1,1,0.245000000000001,0.245000000000001,0,0.987202925045704,0.987202925045704,9.5725,20,9.45,NA,NA,2.08931835988509,12.2152857142857,38.5714285714286,16.7728571428571,2.57142857142857
2025-09-07,10.1,2.524,0,96,0,0,2.809,3.288,69169,1848.89,50,0,2.1,42,0,16.42,0,2,0,2,1757203200000,1,1,1,1,1,-6.32,0,6.32,1.62574257425743,1,5.05,25,8.21,NA,NA,4.95049504950495,11.6598571428571,40,16.5,2.28571428571429
2025-09-08,15.071,2.592,0.17,96,0,0,2.232,9.157,69219,1850.99,39,0,1.39,35.64,0,16.85,0,2,0,2,1757289600000,1,1,1,1,1,-1.779,0,1.779,1.11804127131577,1,7.5355,19.5,8.425,NA,NA,2.5877513104638,12.373,41.8571428571429,16.25,2
2025-09-09,11.204,3.332,0,96,0,0,2.455,4.955,69258,1852.38,59,0,2.27,38.47,0,12.45,0,2,0,2,1.757376e+12,1,1,1,1,1,-1.246,0,1.246,1.11121028204213,1,5.602,29.5,6.225,NA,NA,5.26597643698679,12.3622857142857,41.2857142857143,16.8628571428571,2
2025-09-10,21.201,3.004,0.388,96,0,0,2.848,13.36,69317,1854.65,77,0,2.88,37.4,0,2.06,0,2,0,2,1757462400000,1,1,1,1,1,19.141,19.141,0,0.0971652280552804,0.0971652280552804,10.6005,38.5,1.03,NA,NA,3.63190415546436,13.5904285714286,46.2857142857143,14.3914285714286,2
2025-09-11,15.702,4.432,0.054,96,0,0,2.782,7.851,69394,1857.53,65,0,2.59,39.85,0,15.92,0,2,0,2,1757548800000,1,1,1,1,1,-0.218,0,0.218,1.01388358170934,1,7.851,32.5,7.96,NA,NA,4.13960005094892,14.5455714285714,50.1428571428571,14.0057142857143,2
2025-09-12,13.199,3.168,0,96,0,0,2.435,7.111,69459,1860.12,64,0,2.45,38.28,0,11.16,0,2,0,2,1757635200000,1,1,1,1,1,2.039,2.039,0,0.845518599893931,0.845518599893931,6.5995,32,5.58,NA,NA,4.84885218577165,15.0888571428571,56.2857142857143,13.3942857142857,2
2025-09-13,13.07,2.448,0.06,96,0,0,2.844,5.558,69523,1862.57,64,0,2.49,38.91,0,10.36,0,2,0,2,1757721600000,1,1,1,1,1,2.71,2.71,0,0.79265493496557,0.79265493496557,6.535,32,5.18,NA,NA,4.89671002295333,14.221,59.7142857142857,12.1742857142857,2
2025-09-14,14.535,1.872,0.04,96,0,0,2.347,6.244,69587,1865.06,61,0,2.44,40,0,8.82,0,0,0,0,1.757808e+12,0,1,1,1,1,5.715,5.715,0,0.606811145510836,0.606811145510836,NA,NA,NA,NA,NA,4.19676642586859,14.8545714285714,61.2857142857143,11.0885714285714,1.71428571428571
2025-09-15,10.047,2.932,0,96,0,0,2.087,4.669,69648,1867.5,36,0,1.16,32.22,0,16.26,0,0,0,0,1757894400000,0,1,1,1,1,-6.213,0,6.213,1.61839355031353,1,NA,NA,NA,NA,NA,3.58315915198567,14.1368571428571,60.8571428571429,11.0042857142857,1.42857142857143
2025-09-16,16.39,3.128,0.132,96,0,0,1.997,9.408,69684,1868.66,61,0,2,32.79,0,8.76,0,0,0,0,1757980800000,0,1,1,1,1,7.63,7.63,0,0.534472239170226,0.534472239170226,NA,NA,NA,NA,NA,3.72178157413057,14.8777142857143,61.1428571428571,10.4771428571429,1.14285714285714
2025-09-17,7.217,1.388,0,96,0,0,1.805,2.961,69745,1870.66,62,0,1.67,26.94,0,16.27,0,0,0,0,1758067200000,0,1,1,1,1,-9.053,0,9.053,2.2543993349037,1,NA,NA,NA,NA,NA,8.59082721352362,12.88,59,12.5071428571429,0.857142857142857
2025-09-18,7.588,1.152,0,96,0,0,2.71,2.231,69807,1872.33,24,0,0.66,27.5,0,16.61,0,0,0,0,1758153600000,0,1,1,1,1,-9.022,0,9.022,2.18898260411176,1,NA,NA,NA,NA,NA,3.16288877174486,11.7208571428571,53.1428571428571,12.6057142857143,0.571428571428571
2025-09-19,10.512,2.1,0.02,96,0,0,1.827,6.089,69831,1872.99,32,0,0.85,26.56,0,16.47,0,0,0,0,1.75824e+12,0,1,1,1,1,-5.958,0,5.958,1.56678082191781,1,NA,NA,NA,NA,NA,3.0441400304414,11.337,48.5714285714286,13.3642857142857,0.285714285714286
2025-09-20,10.42,3.416,0,96,0,0,2.077,5.912,69863,1873.84,18,0,0.53,29.44,0,15.84,0,0,0,0,1758326400000,0,1,1,1,1,-5.42,0,5.42,1.52015355086372,1,NA,NA,NA,NA,NA,1.72744721689059,10.9584285714286,42,14.1471428571429,0
2025-09-21,11.049,4.304,0,96,0,0,2.342,4.953,69881,1874.37,22,0,0.77,35,0,15.93,0,0,0,0,1758412800000,0,1,1,1,1,-4.881,0,4.881,1.44175943524301,1,NA,NA,NA,NA,NA,1.99113041904245,10.4604285714286,36.4285714285714,15.1628571428571,0
2025-09-22,14.114,2.168,0.148,96,0,0,2.373,8.642,69903,1875.14,51,0,1.88,36.86,0,7.27,0,0,0,0,1758499200000,0,1,1,1,1,6.844,6.844,0,0.515091398611308,0.515091398611308,NA,NA,NA,NA,NA,3.61343347031316,11.0414285714286,38.5714285714286,13.8785714285714,0
2025-09-23,21.431,4.876,0.28,96,0,0,2.417,15.117,69954,1877.02,65,0,2.54,39.08,0,5.16,0,0,0,0,1758585600000,0,1,1,1,1,16.271,16.271,0,0.240772712425925,0.240772712425925,NA,NA,NA,NA,NA,3.03298959451262,11.7615714285714,39.1428571428571,13.3642857142857,0
2025-09-24,17.423,3.856,0.146,96,0,0,2.237,11.283,70019,1879.56,72,0,2.58,35.83,0,2.88,0,0,0,0,1.758672e+12,0,1,1,1,1,14.543,14.543,0,0.165298743040808,0.165298743040808,NA,NA,NA,NA,NA,4.1324685760202,13.2195714285714,40.5714285714286,11.4514285714286,0
2025-09-25,18.987,4.132,0.21,96,0,0,2.85,11.535,70091,1882.14,91,0,2.97,32.64,0,9.18,0,0,0,0,1758758400000,0,1,1,1,1,9.807,9.807,0,0.48348870279665,0.48348870279665,NA,NA,NA,NA,NA,4.79275293621952,14.848,50.1428571428571,10.39,0
2025-09-26,14.909,3.288,0,96,0,0,2.335,8.139,70182,1885.11,109,0,3.46,31.74,0,5.24,0,0,0,0,1758844800000,0,1,1,1,1,9.669,9.669,0,0.351465557716815,0.351465557716815,NA,NA,NA,NA,NA,7.31102018914749,15.4761428571429,61.1428571428571,8.78571428571428,0
2025-09-27,14.535,2.572,0.05,96,0,0,2.034,8.223,70291,1888.57,151,0,4.4,29.14,0,9.68,0,0,0,0,1758931200000,0,1,1,1,1,4.855,4.855,0,0.665978672170623,0.665978672170623,NA,NA,NA,NA,NA,10.3887168902649,16.064,80.1428571428571,7.90571428571429,0
2025-09-28,10.223,2.884,0.006,96,0,0,2.545,3.715,70442,1892.97,113,0,3.43,30.35,0,9.12,0,0,0,0,1759017600000,0,1,1,1,1,1.103,1.103,0,0.892106035410349,0.892106035410349,NA,NA,NA,NA,NA,11.0535067983958,15.946,93.1428571428571,6.93285714285714,0
2025-09-29,11.842,3.316,0.018,96,0,0,1.88,6.549,70555,1896.4,122,0,3.44,28.2,0,13.6,0,0,0,0,1.759104e+12,0,1,1,1,1,-1.758,0,1.758,1.14845465293025,1,NA,NA,NA,NA,NA,10.3023137983449,15.6214285714286,103.285714285714,7.83714285714286,0
2025-09-30,8.693,1.456,0,96,0,0,1.843,3.728,70677,1899.84,131,0,3.82,29.16,0,4.51,0,0,0,0,1759190400000,0,1,1,1,1,4.183,4.183,0,0.518808236512136,0.518808236512136,NA,NA,NA,NA,NA,15.0695962268492,13.8017142857143,112.714285714286,7.74428571428571,0
2025-10-01,13.342,3.628,0.006,96,0,0,2.699,7.145,70808,1903.66,160,0,4.47,27.94,0,12.73,0,0,0,0,1759276800000,0,1,1,1,1,0.612,0.612,0,0.954129815619847,0.954129815619847,NA,NA,NA,NA,NA,11.9922050667066,13.2187142857143,125.285714285714,9.15142857142857,0
2025-10-02,11.609,1.716,0.004,96,0,0,2.5,5.1,70968,1908.13,187,0,5.15,27.54,0,12.62,0,0,0,0,1759363200000,0,1,1,1,1,-1.011,0,1.011,1.08708760444483,1,NA,NA,NA,NA,NA,16.108191920062,12.1647142857143,139,9.64285714285714,0
2025-10-03,14,2.624,0.002,96,0,0,2.426,7.21,71155,1913.28,192,0,5.41,28.18,0,16.01,0,0,0,0,1759449600000,0,1,1,1,1,-2.01,0,2.01,1.14357142857143,1,NA,NA,NA,NA,NA,13.7142857142857,12.0348571428571,150.857142857143,11.1814285714286,0
2025-10-04,11.224,2.364,0,96,0,0,2.184,5.953,71347,1918.69,217,0,6.41,29.54,0,7.53,0,0,0,0,1.759536e+12,0,1,1,1,1,3.694,3.694,0,0.67088382038489,0.67088382038489,NA,NA,NA,NA,NA,19.3335709194583,11.5618571428571,160.285714285714,10.8742857142857,0
2025-10-05,10.779,1.576,0,96,0,0,2.268,4.244,71564,1925.1,202,0,5.68,28.12,0,5.91,0,0,0,0,1759622400000,0,1,1,1,1,4.869,4.869,0,0.548288338435847,0.548288338435847,NA,NA,NA,NA,NA,18.7401428703961,11.6412857142857,173,10.4157142857143,0
2025-10-06,13.717,2.956,0.054,96,0,0,1.922,7.031,71766,1930.78,196,0,5.43,27.7,0,12.01,0,0,0,0,1759708800000,0,1,1,1,1,1.707,1.707,0,0.875555879565503,0.875555879565503,NA,NA,NA,NA,NA,14.2888386673471,11.9091428571429,183.571428571429,10.1885714285714,0
2025-10-07,14.986,2.976,0.032,96,0,0,2.457,7.897,71962,1936.21,183,0,4.9,26.78,0,13.03,0,0,0,0,1759795200000,0,1,1,1,1,1.956,1.956,0,0.869478179634325,0.869478179634325,NA,NA,NA,NA,NA,12.2113973041505,12.8081428571429,191,11.4057142857143,0
2025-10-08,12.76,2.164,0.004,96,0,0,2.386,5.448,72145,1941.11,176,0,4.68,26.59,0,12.76,0,0,0,0,1759881600000,0,1,1,1,1,0,0,0,1,1,NA,NA,NA,NA,NA,13.7931034482759,12.725,193.285714285714,11.41,0
2025-10-09,20.67,2.548,0.29,96,0,0,2.509,11.993,72321,1945.79,165,0,4.57,27.7,0,9.26,0,0,0,0,1.759968e+12,0,1,1,1,1,11.41,11.41,0,0.447992259313014,0.447992259313014,NA,NA,NA,NA,NA,7.98258345428157,14.0194285714286,190.142857142857,10.93,0
2025-10-10,12.472,3.124,0,96,0,0,2.712,5.277,72486,1950.36,155,0,4.41,28.45,0,14.03,0,0,0,0,1760054400000,0,1,1,1,1,-1.558,0,1.558,1.12491982039769,1,NA,NA,NA,NA,NA,12.4278383579217,13.8011428571429,184.857142857143,10.6471428571429,0
2025-10-11,8.012,1.048,0,96,0,0,3.207,1.245,72641,1954.77,145,0,4.21,29.03,0,14.07,0,0,0,0,1760140800000,0,1,1,1,1,-6.058,0,6.058,1.75611582626061,1,NA,NA,NA,NA,NA,18.0978532201697,13.3422857142857,174.571428571429,11.5814285714286,0
2025-10-12,9.433,2.112,0,96,0,0,2.077,4.491,72786,1958.98,179,0,5.11,28.55,0,7.57,0,0,0,0,1760227200000,0,1,1,1,1,1.863,1.863,0,0.802501855189229,0.802501855189229,NA,NA,NA,NA,NA,18.9759355454256,13.15,171.285714285714,11.8185714285714,0
2025-10-13,14.951,2.276,0.046,96,0,0,2.678,7.679,72965,1964.09,144,0,4.01,27.85,0,9.87,0,0,0,0,1760313600000,0,1,1,1,1,5.081,5.081,0,0.660156511270149,0.660156511270149,NA,NA,NA,NA,NA,9.63146277840947,13.3262857142857,163.857142857143,11.5128571428571,0
2025-10-14,20.366,4.232,0.206,96,0,0,2.493,13.779,73109,1968.1,153,0,4.18,27.32,0,7.39,0,0,0,0,1.7604e+12,0,1,1,1,1,12.976,12.976,0,0.362859668074241,0.362859668074241,NA,NA,NA,NA,NA,7.51252086811352,14.0948571428571,159.571428571429,10.7071428571429,0
2025-10-15,13.816,2.912,0.008,96,0,0,2.137,7.753,73262,1972.28,163,0,4.49,27.55,0,9.77,0,0,0,0,1760486400000,0,1,1,1,1,4.046,4.046,0,0.707151129125651,0.707151129125651,NA,NA,NA,NA,NA,11.7979154603358,14.2457142857143,157.714285714286,10.28,0
2025-10-16,15.446,3.948,0,96,0,0,2.144,7.546,73425,1976.77,180,304,4.85,26.94,0,6.51,0,0,0,0,1760572800000,0,1,1,1,1,8.936,8.936,0,0.421468341318141,0.421468341318141,NA,NA,NA,NA,NA,11.6535025249255,13.4994285714286,159.857142857143,9.88714285714286,0
2025-10-17,12.921,4.052,0.004,96,0,0,1.968,8.21,73605,1981.62,178,240,4.97,27.92,0,9.76,0,0,0,0,1760659200000,0,1,1,1,1,3.161,3.161,0,0.755359492299358,0.755359492299358,NA,NA,NA,NA,NA,13.7760235275907,13.5635714285714,163.142857142857,9.27714285714286,0
2025-10-18,14.496,4.592,0.012,96,0,0,1.858,9.542,73783,1986.59,210,162,5.73,27.29,0,13.08,0,0,0,0,1760745600000,0,1,1,1,1,1.416,1.416,0,0.902317880794702,0.902317880794702,NA,NA,NA,NA,NA,14.4867549668874,14.4898571428571,172.428571428571,9.13571428571429,0
2025-10-19,9.103,1.788,0,96,0,0,2.113,3.713,73993,1992.32,161,135,4.57,28.39,0,7.02,0,0,0,0,1.760832e+12,0,1,1,1,1,2.083,2.083,0,0.771174338130287,0.771174338130287,NA,NA,NA,NA,NA,17.6864769856091,14.4427142857143,169.857142857143,9.05714285714286,0
2025-10-20,11.95,3.384,0,96,0,0,1.902,6.796,74154,1996.89,158,155,4.23,26.77,0,8.16,0,0,0,0,1760918400000,0,1,1,1,1,3.79,3.79,0,0.682845188284519,0.682845188284519,NA,NA,NA,NA,NA,13.2217573221757,14.014,171.857142857143,8.81285714285714,0
2025-10-21,19.435,4.6,0.21,96,0,0,2.009,12.455,74312,2001.12,159,118,4.34,27.3,0,3.26,0,0,0,0,1761004800000,0,1,1,1,1,16.175,16.175,0,0.167738615899151,0.167738615899151,NA,NA,NA,NA,NA,8.18111654232056,13.881,172.714285714286,8.22285714285714,0
2025-10-22,10.787,2.58,0,96,0,0,1.891,4.27,74471,2005.46,170,116,4.67,27.47,0,9.89,0,0,0,0,1761091200000,0,1,1,1,1,0.897,0.897,0,0.916844349680171,0.916844349680171,NA,NA,NA,NA,NA,15.7597107629554,13.4482857142857,173.714285714286,8.24,0
2025-10-23,18.042,3.144,0.286,96,0,0,2.359,11.294,74641,2010.13,172,128,4.58,26.63,0,2.17,0,0,0,0,1761177600000,0,1,1,1,1,15.872,15.872,0,0.120274914089347,0.120274914089347,NA,NA,NA,NA,NA,9.53331116284226,13.8191428571429,172.571428571429,7.62,0
2025-10-24,17.05,3.42,0.196,96,0,0,2.023,11.101,74813,2014.71,183,162,4.95,27.05,0,11.38,0,0,0,0,1.761264e+12,0,1,1,1,1,5.67,5.67,0,0.667448680351906,0.667448680351906,NA,NA,NA,NA,NA,10.733137829912,14.409,173.285714285714,7.85142857142857,0
2025-10-25,10.052,1.38,0.046,96,0,0,1.982,5.049,74996,2019.66,197,152,5.32,27.01,0,11.28,0,0,0,0,1761350400000,0,1,1,1,1,-1.228,0,1.228,1.12216474333466,1,NA,NA,NA,NA,NA,19.5980899323518,13.7741428571429,171.428571428571,7.59428571428571,0
2025-10-26,9.096,2.136,0,96,0,0,1.964,4.268,75193,2024.98,197,147,5.14,26.09,0,10.49,0,0,0,0,1761436800000,0,1,1,1,1,-1.394,0,1.394,1.15325417766051,1,NA,NA,NA,NA,NA,21.6578715919085,13.7731428571429,176.571428571429,8.09,0
2025-10-27,9.658,1.236,0.034,96,0,0,1.905,4.636,75390,2030.12,229,147,6.46,28.21,0,8.21,0,0,0,0,1761523200000,0,1,1,1,1,1.448,1.448,0,0.850072478774073,0.850072478774073,NA,NA,NA,NA,NA,23.7109132325533,13.4457142857143,186.714285714286,8.09714285714286,0
2025-10-28,11.724,2.728,0.016,96,0,0,2.305,6.211,75619,2036.58,216,156,6.17,28.56,0,12.17,0,0,0,0,1761609600000,0,1,1,1,1,-0.446,0,0.446,1.03804162401911,1,NA,NA,NA,NA,NA,18.4237461617195,12.3441428571429,194.857142857143,9.37,0
2025-10-29,16.127,2.056,0.096,96,0,0,3.357,8.084,75835,2042.75,246,171,6.98,28.37,0,7.78,0,0,0,0,1.761696e+12,0,1,1,1,1,8.347,8.347,0,0.482420785018912,0.482420785018912,NA,NA,NA,NA,NA,15.2539219941713,13.107,205.714285714286,9.06857142857143,0
2025-10-30,26.302,4.4,0.332,96,0,0,3.437,17.826,76081,2049.73,224,149,6.49,28.97,0,3.88,0,0,0,0,1761782400000,0,1,1,1,1,22.422,22.422,0,0.14751729906471,0.14751729906471,NA,NA,NA,NA,NA,8.51646262641624,14.287,213.142857142857,9.31285714285714,0
2025-10-31,22.886,4.424,0.276,96,0,0,2.651,15.817,76305,2056.22,214,149,6.41,29.95,0,4.67,0,0,0,0,1761868800000,0,1,1,1,1,18.216,18.216,0,0.2040548807131,0.2040548807131,NA,NA,NA,NA,NA,9.3506947478808,15.1207142857143,217.571428571429,8.35428571428571,0
2025-11-01,15.934,3.624,0.004,96,0,0,3.714,7.825,76519,2062.63,184,151,5.23,28.42,0,7.56,0,0,0,0,1761955200000,0,1,1,1,1,8.374,8.374,0,0.474457135684699,0.474457135684699,NA,NA,NA,NA,NA,11.5476339902096,15.961,215.714285714286,7.82285714285714,0
2025-11-02,12.479,3.448,0.212,96,0,0,2.001,5.983,76703,2067.86,181,174,5.17,28.56,0,2.84,0,0,0,0,1762041600000,0,1,1,1,1,9.639,9.639,0,0.227582338328392,0.227582338328392,NA,NA,NA,NA,NA,14.5043673371264,16.4442857142857,213.428571428571,6.73,0
2025-11-03,16.985,3.868,0.216,96,0,0,2.26,10.234,76884,2073.03,205,179,5.45,26.59,0,10.71,0,0,0,0,1.762128e+12,0,1,1,1,1,6.275,6.275,0,0.630556373270533,0.630556373270533,NA,NA,NA,NA,NA,12.0694730644686,17.491,210,7.08714285714286,0
2025-11-04,11.784,2.356,0,96,0,0,2.545,6.864,77089,2078.48,207,191,5.16,24.93,0,11.48,0,0,0,0,1762214400000,0,1,1,1,1,0.304,0.304,0,0.974202308214528,0.974202308214528,NA,NA,NA,NA,NA,17.5661914460285,17.4995714285714,208.714285714286,6.98857142857143,0
2025-11-05,13.999,3.016,0,96,0,0,2.308,7.537,77296,2083.64,237,236,6.1,25.74,0,11.36,0,0,0,0,1762300800000,0,1,1,1,1,2.639,2.639,0,0.811486534752482,0.811486534752482,NA,NA,NA,NA,NA,16.9297806986213,17.1955714285714,207.428571428571,7.5,0
2025-11-06,12.586,2.256,0.04,96,0,0,1.911,6.6,77533,2089.74,238,100,6.21,26.09,0,11.32,0,0,0,0,1762387200000,0,1,1,1,1,1.266,1.266,0,0.899412045129509,0.899412045129509,NA,NA,NA,NA,NA,18.9098998887653,15.2361428571429,209.428571428571,8.56285714285714,0
2025-11-07,23.942,3.656,0.272,96,0,0,2.226,16.332,77771,2095.95,263,203,7.14,27.15,0,2.08,0,0,0,0,1762473600000,0,1,1,1,1,21.862,21.862,0,0.0868766184946955,0.0868766184946955,NA,NA,NA,NA,NA,10.9848801269735,15.387,216.428571428571,8.19285714285714,0
2025-11-08,22.49,5.076,0.278,96,0,0,2.277,15.891,78034,2103.09,273,345,7.45,27.29,0,3.04,0,0,0,0,1.76256e+12,0,1,1,1,1,19.45,19.45,0,0.135171187194309,0.135171187194309,NA,NA,NA,NA,NA,12.1387283236994,16.3235714285714,229.142857142857,7.54714285714286,0
2025-11-09,10.921,2.092,0,96,0,0,2.538,4.742,78307,2110.54,276,355,7.59,27.5,0,10.16,0,0,0,0,1762646400000,0,1,1,1,1,0.760999999999999,0.760999999999999,0,0.930317736471019,0.930317736471019,NA,NA,NA,NA,NA,25.2724109513781,16.101,242.714285714286,8.59285714285714,0
2025-11-10,16.562,4.256,0,96,0,0,2.892,9.453,78583,2118.13,231,354,6.29,27.23,0,10.2,0,0,0,0,1762732800000,0,1,1,1,1,6.362,6.362,0,0.615867648834682,0.615867648834682,NA,NA,NA,NA,NA,13.9475908706678,16.0405714285714,246.428571428571,8.52,0
2025-11-11,15.838,2.572,0.148,96,0,0,2.823,8.668,78814,2124.42,265,364,7.16,27.02,0,10.26,0,0,0,0,1762819200000,0,1,1,1,1,5.578,5.578,0,0.647809066801364,0.647809066801364,NA,NA,NA,NA,NA,16.7319105947721,16.6197142857143,254.714285714286,8.34571428571429,0
2025-11-12,16.834,3.608,0.02,96,0,0,3.051,9.961,79079,2131.58,239,360,6.56,27.45,0,9.88,0,0,0,0,1762905600000,0,1,1,1,1,6.954,6.954,0,0.586907449209932,0.586907449209932,NA,NA,NA,NA,NA,14.1974575264346,17.0247142857143,255,8.13428571428571,0
2025-11-13,14.596,2.992,0.028,96,0,0,2.235,8.319,79318,2138.14,234,387,6.29,26.88,0,8.99,0,0,0,0,1.762992e+12,0,1,1,1,1,5.606,5.606,0,0.61592217045766,0.61592217045766,NA,NA,NA,NA,NA,16.0317895313785,17.3118571428571,254.428571428571,7.80142857142857,0
2025-11-14,10.349,1.472,0,96,0,0,2.251,4.552,79552,2144.43,232,378,6.26,26.98,0,9.63,0,0,0,0,1763078400000,0,1,1,1,1,0.718999999999999,0.718999999999999,0,0.930524688375689,0.930524688375689,NA,NA,NA,NA,NA,22.4176248912938,15.37,250,8.88,0
2025-11-15,17.761,3.508,0.214,96,0,0,2.147,12.819,79784,2150.69,225,383,6.14,27.29,0,5.53,0,0,0,0,1763164800000,0,1,1,1,1,12.231,12.231,0,0.31135634254828,0.31135634254828,NA,NA,NA,NA,NA,12.668205619053,14.6944285714286,243.142857142857,9.23571428571429,0
2025-11-16,15.33,2.996,0.234,96,0,0,2.121,8.768,80009,2156.83,213,393,5.81,27.28,0,2.99,0,0,0,0,1763251200000,0,1,1,1,1,12.34,12.34,0,0.195042400521853,0.195042400521853,NA,NA,NA,NA,NA,13.894324853229,15.3242857142857,234.142857142857,8.21142857142857,0
2025-11-17,23.758,3.84,0.314,96,0,0,2.47,13.677,80222,2162.64,241,379,6.6,27.39,0,1.26,0,0,0,0,1763337600000,0,1,1,1,1,22.498,22.498,0,0.0530347672362994,0.0530347672362994,NA,NA,NA,NA,NA,10.14395151107,16.3522857142857,235.571428571429,6.93428571428571,0
2025-11-18,24.507,3.872,0.272,96,0,0,4.509,15.167,80463,2169.24,268,372,7.39,27.57,0,9.11,0,0,0,0,1.763424e+12,0,1,1,1,1,15.397,15.397,0,0.371730525972171,0.371730525972171,NA,NA,NA,NA,NA,10.9356510384788,17.5907142857143,236,6.77,0
2025-11-19,17.043,2.732,0.122,96,0,0,3.449,8.591,80731,2176.63,282,337,7.63,27.06,0,8.58,0,0,0,0,1763510400000,0,1,1,1,1,8.463,8.463,0,0.503432494279176,0.503432494279176,NA,NA,NA,NA,NA,16.5463826791058,17.6205714285714,242.142857142857,6.58428571428571,0
2025-11-20,17.937,3.44,0.26,96,0,0,2.789,9.543,81013,2184.26,364,330,9.94,27.31,0,2.14,0,0,0,0,1763596800000,0,1,1,1,1,15.797,15.797,0,0.119306461504153,0.119306461504153,NA,NA,NA,NA,NA,20.2932485922953,18.0978571428571,260.714285714286,5.60571428571429,0
2025-11-21,34.571,3.668,0.316,96,0,0,3.485,23.717,81377,2194.2,378,377,10.4,27.51,0,NA,0,0,0,0,1763683200000,0,1,1,0,1,NA,NA,NA,NA,NA,NA,NA,NA,NA,NA,10.9340198432212,21.5581428571429,281.571428571429,4.935,0
2025-11-22,31.097,4.752,0.412,96,0,0,8.603,17.12,81755,2204.6,426,399,12.03,28.24,0,NA,0,0,0,0,1763769600000,0,1,1,0,1,NA,NA,NA,NA,NA,NA,NA,NA,NA,NA,13.6990706499019,23.4632857142857,310.285714285714,4.816,0
2025-11-23,19.125,4.552,0.362,96,0,0,2.915,11.868,82181,2216.63,410,407,11.81,28.8,0,0.28,0,0,0,0,1.763856e+12,0,1,1,1,1,18.845,18.845,0,0.014640522875817,0.014640522875817,NA,NA,NA,NA,NA,21.437908496732,24.0054285714286,338.428571428571,4.274,0
2025-11-24,18.02,4.304,0.318,96,0,0,2.3,11.661,82591,2228.44,394,382,11.41,28.96,0,NA,0,0,0,0,1763942400000,0,1,1,0,1,NA,NA,NA,NA,NA,NA,NA,NA,NA,NA,21.8645948945616,23.1857142857143,360.285714285714,5.0275,0
2025-11-25,22.408,4.032,0.358,96,0,0,2.574,15.434,82985,2239.85,376,360,10.89,28.96,0,0.56,0,0,0,0,1764028800000,0,1,1,1,1,21.848,21.848,0,0.0249910746162085,0.0249910746162085,NA,NA,NA,NA,NA,16.7797215280257,22.8858571428571,375.714285714286,2.89,0
2025-11-26,15.556,1.776,0.22,96,0,0,3.19,9.27,83361,2250.74,372,305,11.37,30.56,0,5.38,0,0,0,0,1764115200000,0,1,1,1,1,10.176,10.176,0,0.345847261506814,0.345847261506814,NA,NA,NA,NA,NA,23.9136024685009,22.6734285714286,388.571428571429,2.09,0
2025-11-27,20.815,3.504,0.07,96,0,0,2.417,13.872,83733,2262.11,367,309,13.93,37.96,0,7.93,0,0,0,0,1764201600000,0,1,1,1,1,12.885,12.885,0,0.38097525822724,0.38097525822724,NA,NA,NA,NA,NA,17.6315157338458,23.0845714285714,389,3.5375,0
2025-11-28,15.478,2.46,0.084,96,0,0,2.659,8.904,84100,2276.04,370,309,21.86,59.08,0,8.5,0,0,0,0,1.764288e+12,0,1,1,1,1,6.978,6.978,0,0.549166558986949,0.549166558986949,NA,NA,NA,NA,NA,23.9048972735496,20.357,387.857142857143,4.53,0
2025-11-29,11.981,3.12,0.016,96,0,0,2.143,6.698,84470,2297.9,424,332,12.29,28.99,0,8.46,0,0,0,0,1764374400000,0,1,1,1,1,3.521,3.521,0,0.706118020198648,0.706118020198648,NA,NA,NA,NA,NA,35.3893664969535,17.6261428571429,387.571428571429,5.185,0
2025-11-30,18.45,2.956,0.026,96,0,0,2.56,11.416,84894,2310.19,369,372,10.75,29.13,0,7.81,0,0,0,0,1764460800000,0,1,1,1,1,10.64,10.64,0,0.423306233062331,0.423306233062331,NA,NA,NA,NA,NA,20,17.5297142857143,381.714285714286,6.44,0
2025-12-01,12.612,3.992,0.004,96,0,0,2.253,6.621,85263,2320.94,361,397,10.96,30.36,0,3,0,0,0,0,1764547200000,0,1,1,1,1,9.612,9.612,0,0.237868696479543,0.237868696479543,NA,NA,NA,NA,NA,28.6235331430384,16.7571428571429,377,5.94857142857143,0
2025-12-02,20.413,3.792,0.292,96,0,0,2.278,12.855,85624,2331.9,373,360,10.96,29.38,0,3.68,0,0,0,0,1764633600000,0,1,1,1,1,16.733,16.733,0,0.180277274285994,0.180277274285994,NA,NA,NA,NA,NA,18.2726693773576,16.4721428571429,376.571428571429,6.39428571428571,0
2025-12-03,19.57,5.42,0.302,96,0,0,2.09,14.091,85997,2342.86,365,373,10.53,28.85,0,2.12,0,0,0,0,1.76472e+12,0,1,1,1,1,17.45,17.45,0,0.108329075114972,0.108329075114972,NA,NA,NA,NA,NA,18.6509964230966,17.0455714285714,375.571428571429,5.92857142857143,0
2025-12-04,27.928,6.176,0.33,96,0,0,2.352,19.425,86362,2353.39,345,370,9.97,28.9,0,2.07,0,0,0,0,1764806400000,0,1,1,1,1,25.858,25.858,0,0.0741191635634489,0.0741191635634489,NA,NA,NA,NA,NA,12.3531939272415,18.0617142857143,372.428571428571,5.09142857142857,0
2025-12-05,21.339,4.364,0.306,96,0,0,2.371,15.758,86707,2363.36,361,378,10.29,28.5,0,2.06,0,0,0,0,1764892800000,0,1,1,1,1,19.279,19.279,0,0.0965368573972539,0.0965368573972539,NA,NA,NA,NA,NA,16.9173813205867,18.899,371.142857142857,4.17142857142857,0
2025-12-06,21.378,4.404,0.288,96,0,0,3.135,14.576,87068,2373.65,375,389,10.95,29.2,0,6.2,0,0,0,0,1764979200000,0,1,1,1,1,15.178,15.178,0,0.290017775283001,0.290017775283001,NA,NA,NA,NA,NA,17.5413976985686,20.2414285714286,364.142857142857,3.84857142857143,0
2025-12-07,20.269,4.416,0.256,96,0,0,2.88,11.518,87443,2384.6,374,401,10.91,29.17,0,6.41,0,0,0,0,1765065600000,0,1,1,1,1,13.859,13.859,0,0.316246484779713,0.316246484779713,NA,NA,NA,NA,NA,18.4518229809068,20.5012857142857,364.857142857143,3.64857142857143,0
2025-12-08,26.021,3.924,0.334,96,0,0,2.578,16.432,87817,2395.51,323,385,9.2,28.48,0,5.36,0,0,0,0,1.765152e+12,0,1,1,1,1,20.661,20.661,0,0.205987471657507,0.205987471657507,NA,NA,NA,NA,NA,12.4130509972714,22.4168571428571,359.428571428571,3.98571428571429,0
2025-12-09,20.07,3.012,0.246,96,0,0,2.274,12.979,88140,2404.71,294,376,8.52,28.98,0,7.28,0,0,0,0,1765238400000,0,1,1,1,1,12.79,12.79,0,0.362730443447932,0.362730443447932,NA,NA,NA,NA,NA,14.6487294469357,22.3678571428571,348.142857142857,4.5,0
2025-12-10,16.27,3.764,0.112,96,0,0,2.466,9.37,88434,2413.23,301,377,8.71,28.94,0,7.35,0,0,0,0,1765324800000,0,1,1,1,1,8.92,8.92,0,0.451751690227412,0.451751690227412,NA,NA,NA,NA,NA,18.500307314075,21.8964285714286,339,5.24714285714286,0
2025-12-11,15.195,3.016,0.03,96,0,0,2.401,7.735,88735,2421.94,338,368,9.75,28.85,0,7.79,0,0,0,0,1765411200000,0,1,1,1,1,7.405,7.405,0,0.512668641000329,0.512668641000329,NA,NA,NA,NA,NA,22.2441592629154,20.0774285714286,338,6.06428571428571,0
2025-12-12,19.487,3.784,0.232,96,0,0,2.328,12.796,89073,2431.69,355,387,10.49,29.55,0,7.25,0,0,0,0,1765497600000,0,1,1,1,1,12.237,12.237,0,0.372042900395135,0.372042900395135,NA,NA,NA,NA,NA,18.2172730538308,19.8128571428571,337.142857142857,6.80571428571429,0
2025-12-13,11.284,1.68,0.07,96,0,0,2.423,5.17,89428,2442.18,352,410,10.23,29.06,0,6.96,0,0,0,0,1.765584e+12,0,1,1,1,1,4.324,4.324,0,0.616802552286423,0.616802552286423,NA,NA,NA,NA,NA,31.1946118397731,18.3708571428571,333.857142857143,6.91428571428571,0
2025-12-14,14.004,3.948,0.014,96,0,0,2.237,7.725,89780,2452.41,360,416,10.56,29.33,0,7.29,0,0,0,0,1765670400000,0,1,1,1,1,6.714,6.714,0,0.520565552699229,0.520565552699229,NA,NA,NA,NA,NA,25.706940874036,17.4758571428571,331.857142857143,7.04,0
2025-12-15,23.378,4.7,0.276,96,0,0,2.054,17.141,90140,2462.97,352,370,11.54,32.78,0,7.35,0,0,0,0,1765756800000,0,1,1,1,1,16.028,16.028,0,0.31439815210882,0.31439815210882,NA,NA,NA,NA,NA,15.0568910941911,17.0982857142857,336,7.32428571428571,0
2025-12-16,18.501,3.272,0.258,96,0,0,1.965,12.6,90492,2474.51,343,360,10.24,29.85,0,3.85,0,0,0,0,1765843200000,0,1,1,1,1,14.651,14.651,0,0.208096859629209,0.208096859629209,NA,NA,NA,NA,NA,18.5395384033295,16.8741428571429,343,6.83428571428571,0
2025-12-17,16.8,2.504,0.296,96,0,0,2.093,11.618,90835,2484.75,331,333,9.3,28.1,0,1.71,0,0,0,0,1765929600000,0,1,1,1,1,15.09,15.09,0,0.101785714285714,0.101785714285714,NA,NA,NA,NA,NA,19.702380952381,16.9498571428571,347.285714285714,6.02857142857143,0
2025-12-18,18.749,4.704,0.286,96,0,0,1.909,13.662,91166,2494.05,315,355,8.78,27.87,0,4.76,0,0,0,0,1.766016e+12,0,1,1,1,1,13.989,13.989,0,0.25388020694437,0.25388020694437,NA,NA,NA,NA,NA,16.8008960477892,17.4575714285714,344,5.59571428571429,0
2025-12-19,13.344,2.972,0.104,96,0,0,1.888,8.467,91481,2502.83,311,389,8.99,28.91,0,6.96,0,0,0,0,1766102400000,0,1,1,1,1,6.384,6.384,0,0.52158273381295,0.52158273381295,NA,NA,NA,NA,NA,23.3063549160671,16.58,337.714285714286,5.55428571428571,0
2025-12-20,16.889,2.712,0.242,96,0,0,1.995,10.627,91792,2511.82,350,429,10.42,29.77,0,7.02,0,0,0,0,1766188800000,0,1,1,1,1,9.869,9.869,0,0.41565516016342,0.41565516016342,NA,NA,NA,NA,NA,20.7235478713956,17.3807142857143,337.428571428571,5.56285714285714,0
2025-12-21,15.494,3.588,0.22,96,0,0,2.322,9.838,92142,2522.24,388,466,11.63,29.97,0,7.12,0,0,0,0,1766275200000,0,1,1,1,1,8.374,8.374,0,0.459532722344133,0.459532722344133,NA,NA,NA,NA,NA,25.0419517232477,17.5935714285714,341.428571428571,5.53857142857143,0
2025-12-22,17.389,2.888,0.296,96,0,0,2.297,10.849,92530,2533.87,424,441,13.81,32.57,0,3.34,0,0,0,0,1766361600000,0,1,1,1,1,14.049,14.049,0,0.192075449997125,0.192075449997125,NA,NA,NA,NA,NA,24.3832307780781,16.738,351.714285714286,4.96571428571429,0
2025-12-23,22.653,4.12,0.23,96,0,0,2.084,16.849,92954,2547.68,439,464,13.17,30,0,4.65,0,0,0,0,1.766448e+12,0,1,1,1,1,18.003,18.003,0,0.205270825056284,0.205270825056284,NA,NA,NA,NA,NA,19.3793316558513,17.3311428571429,365.428571428571,5.08,0
2025-12-24,25.024,3.436,0.356,96,0,0,2.787,17.19,93393,2560.85,416,476,12.19,29.3,0,0.09,0,0,0,0,1766534400000,0,1,1,1,1,24.934,24.934,0,0.003596547314578,0.003596547314578,NA,NA,NA,NA,NA,16.6240409207161,18.506,377.571428571429,4.84857142857143,0
2025-12-25,32.046,4.204,0.362,96,0,0,3.441,23.255,93809,2573.04,436,486,13.04,29.91,0,NA,0,0,0,0,1766620800000,0,1,1,0,1,NA,NA,NA,NA,NA,NA,NA,NA,NA,NA,13.6054421768707,20.4055714285714,394.857142857143,4.86333333333333,0
2025-12-26,27.172,3.608,0.564,96,0,0,4.664,17.281,94245,2586.08,431,488,12.99,30.14,0,0.13,2,2,2,2,1766707200000,1,1,1,1,1,27.042,27.042,0,0.00478433681731194,0.00478433681731194,13.586,215.5,0.065,13.586,215.5,15.8619166789342,22.381,412,3.725,0.285714285714286
2025-12-27,30.272,4.152,0.454,96,0,0,3.043,21.937,94676,2599.07,433,477,13.34,30.81,0,1.17,2,4,2,4,1766793600000,1,1,1,1,1,29.102,29.102,0,0.038649577167019,0.038649577167019,7.568,108.25,0.2925,15.136,216.5,14.3036469344609,24.2928571428571,423.857142857143,2.75,0.857142857142857
2025-12-28,31.839,3.792,0.28,96,0,0,3.724,21.454,95109,2612.41,453,458,13.9,30.68,0,6.78,3,7,3,7,1.76688e+12,1,1,1,1,1,25.059,25.059,0,0.212946386507114,0.212946386507114,4.54842857142857,64.7142857142857,0.968571428571429,10.613,151,14.2278337887496,26.6278571428571,433.142857142857,2.69333333333333,1.85714285714286
2025-12-29,28.161,3.316,0.304,96,0,0,5.32,14.683,95562,2626.31,477,424,14.99,31.43,0,7.14,0,7,0,7,1766966400000,1,1,1,1,1,21.021,21.021,0,0.253542132736764,0.253542132736764,4.023,68.1428571428571,1.02,NA,NA,16.9383189517418,28.1667142857143,440.714285714286,3.32666666666667,2.85714285714286
2025-12-30,45.539,4.972,0.838,96,0,0,6.691,26.576,96039,2641.3,503,405,17.06,33.92,0,4.89,0,7,0,7,1767052800000,1,1,1,1,1,40.649,40.649,0,0.107380487055052,0.107380487055052,6.50557142857143,71.8571428571429,0.698571428571429,NA,NA,11.0454775027998,31.4361428571429,449.857142857143,3.36666666666667,3.85714285714286
2025-12-31,57.7,5.36,1.5844,92,0,0,8.324,33.637,96542,2658.36,533,390,16.49,30.94,0,7.3,0,7,0,7,1767139200000,1,1,1,1,1,50.4,50.4,0,0.126516464471404,0.126516464471404,8.24285714285714,76.1428571428571,1.04285714285714,NA,NA,9.23743500866551,36.1041428571429,466.571428571429,4.56833333333333,4.85714285714286
