"date","electricity_kwh","electricity_peak_kw","electricity_baseload_kw_p10","electricity_intervals","electricity_replacement_intervals","electricity_replacement_share","electricity_night_kwh","electricity_daytime_kwh","heat_meter_kwh","heat_meter_m3","heat_kwh","heat_kwh_prev","heat_volume_m3","heat_volume_per_mwh_m3","heat_approximated_flag","pv_kwh","arrivals","nights","arrivals_compare","nights_compare","timestamp_ms","has_guests_flag","electricity_data_available","heat_data_available","pv_data_available","occupancy_data_available"
2025-01-01,31.005,5.1,0.418,96,0,0,6.079,17.293,24724,652.74,436,0,11.15,25.57,0,7.7,0,4,0,4,1735689600000,1,1,1,1,1
2025-01-02,35.614,5.124,0.61,96,0,0,5.61,21.113,25160,663.89,421,0,11.09,26.34,0,4.87,2,6,2,6,1.735776e+12,1,1,1,1,1
2025-01-03,37.618,4.324,0.864,96,0,0,5.753,23.355,25581,674.98,420,0,11.22,26.71,0,7.36,0,4,0,4,1735862400000,1,1,1,1,1
2025-01-04,45.707,5.384,0.486,96,0,0,5.431,28.056,26001,686.2,466,0,12.37,26.55,0,7.7,0,2,0,2,1735948800000,1,1,1,1,1
2025-01-05,33.06,5.424,0.64,96,0,0,6.576,16.505,26467,698.57,487,0,12.47,25.61,0,3.75,0,2,0,2,1736035200000,1,1,1,1,1
2025-01-06,27.781,3.428,0.71,96,0,0,5.029,16.41,26954,711.04,407,0,10.53,25.87,0,2.78,0,2,0,2,1736121600000,1,1,1,1,1
2025-01-07,34.796,3.464,0.74,96,0,0,4.69,23.72,27361,721.57,389,0,10.23,26.3,0,0.66,0,2,0,2,1.736208e+12,1,1,1,1,1
2025-01-08,25.981,5.496,0.358,96,0,0,4.794,14.301,27750,731.8,407,0,10.42,25.6,0,8.06,0,2,0,2,1736294400000,1,1,1,1,1
2025-01-09,32.721,4.564,0.7,96,0,0,4.821,21.686,28157,742.22,376,0,10.42,27.71,0,1.71,0,0,0,0,1736380800000,0,1,1,1,1
2025-01-10,25.157,2.74,0.004,96,0,0,5.199,11.896,28533,752.64,414,0,10.64,25.7,0,7.52,0,0,0,0,1736467200000,0,1,1,1,1
2025-01-11,26.076,3.704,0.676,96,0,0,6.015,13.921,28947,763.28,471,0,12.02,25.52,0,8.59,0,0,0,0,1736553600000,0,1,1,1,1
2025-01-12,22.508,3.808,0,96,0,0,4.911,11.05,29418,775.3,483,0,12.35,25.57,0,8.29,0,0,0,0,1.73664e+12,0,1,1,1,1
2025-01-13,28.115,5.092,0.44,96,0,0,4.911,17.149,29901,787.65,521,0,13.14,25.22,0,8.8,0,0,0,0,1736726400000,0,1,1,1,1
2025-01-14,25.504,2.424,0.414,96,0,0,5.051,13.122,30422,800.79,527,0,13.45,25.52,0,5.75,0,0,0,0,1736812800000,0,1,1,1,1
2025-01-15,26.681,3.428,0.616,96,0,0,5.354,14.34,30949,814.24,509,0,12.64,24.83,0,6.6,0,0,0,0,1736899200000,0,1,1,1,1
2025-01-16,26.126,2.912,0.56,96,0,0,4.767,14.339,31458,826.88,478,0,11.89,24.87,0,5.83,0,0,0,0,1736985600000,0,1,1,1,1
2025-01-17,29.336,4.772,0.564,96,0,0,5.013,18.698,31936,838.77,477,0,11.82,24.78,0,3.64,0,0,0,0,1.737072e+12,0,1,1,1,1
2025-01-18,29.254,3.024,0.52,96,0,0,5.979,15.348,32413,850.59,491,0,12.48,25.42,0,9.46,0,0,0,0,1737158400000,0,1,1,1,1
2025-01-19,32.052,4.6,0.164,96,0,0,7.289,16.378,32904,863.07,453,0,11.06,24.42,0,8.24,2,2,2,2,1737244800000,1,1,1,1,1
2025-01-20,30.735,4.62,0.42,96,0,0,6.283,14.2,33357,874.13,426,0,10.58,24.84,0,5.99,2,4,2,4,1737331200000,1,1,1,1,1
2025-01-21,26.228,3.236,0.562,96,0,0,4.674,14.267,33783,884.71,390,0,9.96,25.54,0,8.05,0,4,0,4,1737417600000,1,1,1,1,1
2025-01-22,21.539,2.3,0.196,96,0,0,4.602,9.091,34173,894.67,394,0,10.25,26.02,0,8.04,0,4,0,4,1.737504e+12,1,1,1,1,1
2025-01-23,28.726,4.252,0.46,96,0,0,4.845,15.171,34567,904.92,393,0,10.16,25.85,0,3.68,0,4,0,4,1737590400000,1,1,1,1,1
2025-01-24,38.455,4.572,0.78,96,0,0,5.678,23.637,34960,915.08,377,0,9.95,26.39,0,6.59,0,4,0,4,1737676800000,1,1,1,1,1
2025-01-25,26.223,3.572,0.616,96,2,0.0208333333333333,5.174,13.825,35337,925.03,366,0,10.1,27.6,0,9.43,2,6,2,6,1737763200000,1,1,1,1,1
2025-01-26,38.036,5.104,0.788,96,0,0,5.034,25.057,35703,935.13,360,0,9.55,26.53,0,2.22,0,2,0,2,1737849600000,1,1,1,1,1
2025-01-27,33.174,6.44,0.6,96,0,0,5.438,19.753,36063,944.68,342,0,9.03,26.4,0,3.53,0,2,0,2,1.737936e+12,1,1,1,1,1
2025-01-28,36.444,4.708,0.986,96,0,0,6.225,22.169,36405,953.71,338,0,9.42,27.87,0,1.01,2,4,2,4,1738022400000,1,1,1,1,1
2025-01-29,29.575,4.764,0.446,96,0,0,5.622,17.256,36743,963.13,333,0,8.85,26.58,0,10.36,0,4,0,4,1738108800000,1,1,1,1,1
2025-01-30,23.943,2.876,0.176,96,0,0,5,11.43,37076,971.98,366,0,9.86,26.94,0,10.75,0,4,0,4,1738195200000,1,1,1,1,1
2025-01-31,25.343,3.68,0.302,96,0,0,5.48,13.492,37442,981.84,361,0,9.65,26.73,0,10.28,0,4,0,4,1738281600000,1,1,1,1,1
2025-02-01,33.887,3.62,0.83,96,0,0,5.849,21.322,37803,991.49,414,0,10.87,26.26,0,2.01,0,0,0,0,1.738368e+12,0,1,1,1,1
2025-02-02,37.566,5.408,0.774,96,0,0,5.517,22.897,38217,1002.36,371,0,9.9,26.68,0,6.13,5,5,5,5,1738454400000,1,1,1,1,1
2025-02-03,48.181,6.472,1.042,96,0,0,6.909,32.512,38588,1012.26,384,0,10,26.04,0,3.19,2,7,2,7,1738540800000,1,1,1,1,1
2025-02-04,36.514,5.616,0.334,96,0,0,6.74,18.862,38972,1022.26,396,0,10.26,25.91,0,9.18,0,7,0,7,1738627200000,1,1,1,1,1
2025-02-05,29.92,3.816,0.324,96,0,0,6.479,13.242,39368,1032.52,393,0,10.05,25.57,0,11.99,0,7,0,7,1738713600000,1,1,1,1,1
2025-02-06,28.52,3.78,0.242,96,0,0,6.524,12.711,39761,1042.57,392,0,10.01,25.54,0,12.33,0,7,0,7,1.7388e+12,1,1,1,1,1
2025-02-07,39.842,3.828,1.01,96,0,0,6.928,24.113,40153,1052.58,427,0,10.75,25.18,0,3.52,0,5,0,5,1738886400000,1,1,1,1,1
2025-02-08,28.004,2.576,0.534,96,0,0,6.776,13.881,40580,1063.33,415,0,10.73,25.86,0,11.68,3,8,3,8,1738972800000,1,1,1,1,1
2025-02-09,40.238,6.052,0.876,96,0,0,6.486,23.738,40995,1074.06,405,0,10.59,26.15,0,5.28,2,7,2,7,1739059200000,1,1,1,1,1
2025-02-10,44.818,4.748,0.966,96,0,0,6.393,28.111,41400,1084.65,409,0,10.67,26.09,0,4.3,0,7,0,7,1739145600000,1,1,1,1,1
2025-02-11,47.664,5.104,0.97,96,0,0,6.151,31.058,41809,1095.32,382,0,9.78,25.6,0,2.42,0,7,0,7,1.739232e+12,1,1,1,1,1
2025-02-12,38.953,3.692,0.926,96,0,0,6.139,24.472,42191,1105.1,401,0,10.34,25.79,0,4.91,0,4,0,4,1739318400000,1,1,1,1,1
2025-02-13,28.987,4.084,0.532,96,0,0,7.282,13.731,42592,1115.44,379,0,9.95,26.25,0,9.07,0,4,0,4,1739404800000,1,1,1,1,1
2025-02-14,34.938,5.244,0.558,96,0,0,3.75,25.224,42971,1125.39,396,0,10.32,26.06,0,1.16,2,6,2,6,1739491200000,1,1,1,1,1
2025-02-15,38.623,6.68,0.564,96,0,0,4.44,20.889,43367,1135.71,476,0,12.02,25.25,0,6.38,0,4,0,4,1739577600000,1,1,1,1,1
2025-02-16,37.025,4.896,0.622,96,0,0,4.128,26.39,43843,1147.73,479,0,11.87,24.78,0,2.38,2,4,2,4,1.739664e+12,1,1,1,1,1
2025-02-17,42.304,6.004,0.612,96,0,0,4.402,26.961,44322,1159.6,494,0,12.2,24.7,0,2.47,0,4,0,4,1739750400000,1,1,1,1,1
2025-02-18,29.515,3.496,0.586,96,0,0,3.87,19.318,44816,1171.8,406,0,9.86,24.29,0,1.89,0,4,0,4,1739836800000,1,1,1,1,1
2025-02-19,37.837,6.568,0.598,96,0,0,4.17,23.09,45222,1181.66,411,0,8.91,21.68,0,2.61,0,4,0,4,1739923200000,1,1,1,1,1
2025-02-20,27.484,3.876,0.344,96,0,0,4.129,14.537,45633,1190.57,524,0,11.9,22.71,0,12.72,0,2,0,2,1740009600000,1,1,1,1,1
2025-02-21,17.603,2.412,0.02,96,0,0,3.086,8.929,46157,1202.47,423,0,9.44,22.32,0,13.72,0,2,0,2,1.740096e+12,1,1,1,1,1
2025-02-22,26.043,4.944,0.408,96,0,0,4.247,16.524,46580,1211.91,370,0,8.38,22.65,0,10.04,0,0,0,0,1740182400000,0,1,1,1,1
2025-02-23,13.894,4.636,0,96,0,0,2.29,6.646,46950,1220.29,338,0,7.71,22.81,0,10.88,0,0,0,0,1740268800000,0,1,1,1,1
2025-02-24,18.289,2.94,0.254,96,0,0,2.383,11.99,47288,1228,298,0,6.78,22.75,0,12.28,0,0,0,0,1740355200000,0,1,1,1,1
2025-02-25,17.869,3.12,0.184,96,0,0,2.308,9.521,47586,1234.78,275,0,6.1,22.18,0,7.35,0,0,0,0,1740441600000,0,1,1,1,1
2025-02-26,18.553,2.524,0.324,96,0,0,2.29,12.098,47861,1240.88,276,0,6.25,22.64,0,1.96,0,0,0,0,1.740528e+12,0,1,1,1,1
2025-02-27,17.049,4.284,0.222,96,0,0,2.926,10.801,48137,1247.13,296,0,6.83,23.07,0,10.11,0,0,0,0,1740614400000,0,1,1,1,1
2025-02-28,18.62,2.524,0.292,96,0,0,2.396,11.515,48433,1253.96,296,0,6.5,21.96,0,4.35,0,0,0,0,1740700800000,0,1,1,1,1
2025-03-01,16.036,2.716,0.248,96,0,0,2.63,8.312,48729,1260.46,327,0,7.14,21.83,0,5.14,0,0,0,0,1740787200000,0,1,1,1,1
2025-03-02,8.231,1.664,0,96,0,0,2.165,3.08,49056,1267.6,347,0,7.86,22.65,0,15.41,0,0,0,0,1740873600000,0,1,1,1,1
2025-03-03,17.055,3.112,0.294,96,25,0.260416666666667,2.185,10.854,49403,1275.46,324,0,7.54,23.27,0,16.01,0,0,0,0,1.74096e+12,0,1,1,1,1
2025-03-04,16.453,4.028,0,96,0,0,2.16,8.849,49727,1283,310,0,7.24,23.35,0,15.96,0,0,0,0,1741046400000,0,1,1,1,1
2025-03-05,11.01,2.8,0.018,96,0,0,2.197,5.43,50037,1290.24,276,0,6.33,22.93,0,15.74,0,0,0,0,1741132800000,0,1,1,1,1
2025-03-06,10.345,1.808,0.034,96,0,0,2.301,4.35,50313,1296.57,249,0,5.65,22.69,0,16.06,0,0,0,0,1741219200000,0,1,1,1,1
2025-03-07,16.212,3.576,0.006,96,0,0,2.621,8.759,50562,1302.22,258,0,5.91,22.91,0,15.96,0,0,0,0,1741305600000,0,1,1,1,1
2025-03-08,17.895,3.708,0.054,96,0,0,4.675,7.984,50820,1308.13,273,0,6.13,22.45,0,12.61,0,0,0,0,1.741392e+12,0,1,1,1,1
2025-03-09,14.341,2.268,0,96,0,0,3.414,5.672,51093,1314.26,252,0,5.54,21.98,0,15.86,2,2,2,2,1741478400000,1,1,1,1,1
2025-03-10,23.639,2.748,0.47,96,0,0,3.339,15.339,51345,1319.8,254,0,6.01,23.66,0,2.87,0,2,0,2,1741564800000,1,1,1,1,1
2025-03-11,17.36,2.568,0.166,96,0,0,2.396,9.349,51599,1325.81,243,0,5.79,23.83,0,8.72,0,2,0,2,1741651200000,1,1,1,1,1
2025-03-12,16.973,2.864,0.004,96,0,0,2.335,10.719,51842,1331.6,245,0,5.84,23.84,0,5.36,0,2,0,2,1741737600000,1,1,1,1,1
2025-03-13,17.19,3.532,0.236,96,0,0,2.235,10.562,52087,1337.44,263,0,6.24,23.73,0,8.39,0,2,0,2,1.741824e+12,1,1,1,1,1
2025-03-14,21.956,3.532,0.346,96,0,0,2.762,15.267,52350,1343.68,282,0,6.54,23.19,0,1.31,0,2,0,2,1741910400000,1,1,1,1,1
2025-03-15,18.629,3.636,0.258,96,0,0,2.569,11.401,52632,1350.22,277,0,6.4,23.1,0,5.79,0,2,0,2,1741996800000,1,1,1,1,1
2025-03-16,17.563,4.784,0.08,96,0,0,2.172,11.991,52909,1356.62,263,0,6.28,23.88,0,6.7,0,0,0,0,1742083200000,0,1,1,1,1
2025-03-17,14.683,3.852,0.002,96,0,0,2.394,8.906,53172,1362.9,296,0,7.36,24.86,0,14.87,0,0,0,0,1742169600000,0,1,1,1,1
2025-03-18,9.301,2.184,0,96,0,0,2.178,2.261,53468,1370.26,317,0,8.47,26.76,1,15.88,0,0,0,0,1.742256e+12,0,1,1,1,1
2025-03-19,11.443,2.232,0.004,96,0,0,2.14,5.805,53785,1378.73,317,0,8.47,26.76,1,18.42,0,0,0,0,1742342400000,0,1,1,1,1
2025-03-20,12.523,2.272,0.004,96,0,0,2.2,6.756,54101,1387.2,264,0,6.9,26.14,0,18.22,0,0,0,0,1742428800000,0,1,1,1,1
2025-03-21,9.458,1.908,0,96,0,0,2.082,3.831,54365,1394.1,254,0,6.37,25.08,0,15.58,0,0,0,0,1742515200000,0,1,1,1,1
2025-03-22,7.977,1.42,0,96,0,0,2.138,3.056,54619,1400.47,243,0,5.88,24.2,0,9.76,0,0,0,0,1742601600000,0,1,1,1,1
2025-03-23,19.286,3.328,0.212,96,0,0,2.095,13.32,54862,1406.35,237,0,5.84,24.64,0,6.02,0,0,0,0,1.742688e+12,0,1,1,1,1
2025-03-24,16.906,2.888,0.106,96,0,0,2.216,10.42,55099,1412.19,217,0,5.24,24.15,0,13.81,0,0,0,0,1742774400000,0,1,1,1,1
2025-03-25,14.985,4.076,0.04,96,0,0,2.255,8.472,55316,1417.43,213,0,5.13,24.08,0,11.37,0,0,0,0,1742860800000,0,1,1,1,1
2025-03-26,15.252,3.052,0.004,96,0,0,2.438,8.466,55529,1422.56,219,0,5.24,23.93,0,14.5,0,0,0,0,1742947200000,0,1,1,1,1
2025-03-27,13.757,2.676,0.026,96,0,0,2.26,7.751,55748,1427.8,226,0,5.6,24.78,0,11.59,0,0,0,0,1743033600000,0,1,1,1,1
2025-03-28,24.647,5.548,0.308,96,0,0,2.256,19.602,55974,1433.4,219,0,5.3,24.2,0,3.95,0,0,0,0,1.74312e+12,0,1,1,1,1
2025-03-29,18.191,3.38,0.158,96,0,0,2.319,11.08,56193,1438.7,228,0,5.5,24.12,0,5.51,0,0,0,0,1743206400000,0,1,1,1,1
2025-03-30,12.379,3.516,0,96,0,0,2.506,6.635,56421,1444.2,207,0,4.95,23.91,0,15.72,0,0,0,0,1743292800000,0,1,1,1,1
2025-03-31,11.817,2.976,0,96,0,0,2.088,5.052,56628,1449.15,233,0,5.78,24.81,0,17.54,0,0,0,0,1743379200000,0,1,1,1,1
2025-04-01,16.397,4.316,0.208,96,0,0,2.139,9.264,56861,1454.93,232,0,5.71,24.61,0,7.11,0,0,0,0,1743465600000,0,1,1,1,1
2025-04-02,15.023,2.488,0.036,96,0,0,2.241,7.758,57093,1460.64,211,0,4.97,23.55,0,13.84,0,0,0,0,1.743552e+12,0,1,1,1,1
2025-04-03,12.456,4.8,0,96,0,0,2.199,3.808,57304,1465.61,187,0,4.43,23.69,0,16.91,0,0,0,0,1743638400000,0,1,1,1,1
2025-04-04,13.513,5.008,0.002,96,0,0,3.127,5.711,57491,1470.04,176,0,4.39,24.94,0,20.04,0,0,0,0,1743724800000,0,1,1,1,1
2025-04-05,9.124,2.292,0,96,0,0,2.091,4.001,57667,1474.43,149,0,3.69,24.77,0,19.47,0,0,0,0,1743811200000,0,1,1,1,1
2025-04-06,8.496,1.348,0,96,0,0,2.523,2.254,57816,1478.12,184,0,4.71,25.6,0,21.46,0,0,0,0,1743897600000,0,1,1,1,1
2025-04-07,10.285,2.34,0,96,0,0,2.07,1.952,58000,1482.83,228,0,6.07,26.62,0,21.48,0,0,0,0,1.743984e+12,0,1,1,1,1
2025-04-08,11.95,2.732,0,96,0,0,2.382,4.947,58228,1488.9,215,0,5.63,26.19,0,21.2,0,0,0,0,1744070400000,0,1,1,1,1
2025-04-09,11.103,3.096,0,96,0,0,2.282,3.819,58443,1494.53,210,0,5.51,26.24,0,16.63,0,0,0,0,1744156800000,0,1,1,1,1
2025-04-10,13.755,3.26,0,96,0,0,2.187,6.902,58653,1500.04,205,0,5.12,24.98,0,19.34,0,0,0,0,1744243200000,0,1,1,1,1
2025-04-11,10.414,1.924,0,96,0,0,2.47,3.296,58858,1505.16,169,0,4.06,24.02,0,20.92,0,0,0,0,1744329600000,0,1,1,1,1
2025-04-12,9.406,2.464,0,96,0,0,2.375,3.484,59027,1509.22,148,0,3.62,24.46,0,20.66,0,0,0,0,1.744416e+12,0,1,1,1,1
2025-04-13,16.311,4.652,0.104,96,0,0,2.565,10.829,59175,1512.84,165,0,4.15,25.15,0,5.85,0,0,0,0,1744502400000,0,1,1,1,1
2025-04-14,14.147,2.268,0.036,96,0,0,2.437,5.968,59340,1516.99,145,0,3.64,25.1,0,13.38,0,0,0,0,1744588800000,0,1,1,1,1
2025-04-15,20.288,2.712,0.26,96,0,0,2.255,12.216,59485,1520.63,133,0,3.34,25.11,0,8.03,0,0,0,0,1744675200000,0,1,1,1,1
2025-04-16,17.834,3.872,0.012,96,0,0,2.176,8.589,59618,1523.97,171,0,3.72,21.75,0,14.46,0,0,0,0,1744761600000,0,1,1,1,1
2025-04-17,19.291,3.644,0.298,96,0,0,2.098,12.391,59789,1527.69,166,0,4.34,26.14,0,4.56,0,0,0,0,1.744848e+12,0,1,1,1,1
2025-04-18,24.586,4.596,0.25,96,0,0,2.568,17.289,59955,1532.03,199,0,5.82,29.25,0,6.61,0,0,0,0,1744934400000,0,1,1,1,1
2025-04-19,11.773,3.44,0,96,0,0,2.718,5.131,60154,1537.85,168,0,4.76,28.33,0,15.89,0,0,0,0,1745020800000,0,1,1,1,1
2025-04-20,12.666,1.964,0,96,0,0,4.125,3.643,60322,1542.61,132,0,3.74,28.33,0,19.9,0,0,0,0,1745107200000,0,1,1,1,1
2025-04-21,10.311,2.448,0,96,0,0,2.077,5.318,60454,1546.35,114,0,3.05,26.75,0,14.49,0,0,0,0,1745193600000,0,1,1,1,1
2025-04-22,17.601,2.856,0.172,96,0,0,1.996,9.671,60568,1549.4,147,0,4.28,29.12,0,11.97,0,0,0,0,1.74528e+12,0,1,1,1,1
2025-04-23,15.896,3.572,0.062,96,0,0,1.989,7.598,60715,1553.68,131,0,4.13,31.53,0,12.72,0,0,0,0,1745366400000,0,1,1,1,1
2025-04-24,18.073,3.036,0.15,96,0,0,2.233,10.28,60846,1557.81,184,0,5.4,29.35,0,5.08,0,0,0,0,1745452800000,0,1,1,1,1
2025-04-25,13.996,3.36,0.004,96,0,0,2.12,8.164,61030,1563.21,208,0,6.67,32.07,0,10.98,0,0,0,0,1745539200000,0,1,1,1,1
2025-04-26,12.565,3.756,0.04,96,0,0,2.211,6.832,61238,1569.88,205,0,6.48,31.61,0,11.41,0,0,0,0,1745625600000,0,1,1,1,1
2025-04-27,9.9,1.564,0,96,0,0,2.019,3.451,61443,1576.36,132,0,4.17,31.59,0,16.94,0,0,0,0,1.745712e+12,0,1,1,1,1
2025-04-28,17.401,3.06,0.082,96,0,0,1.846,9.85,61575,1580.53,130,0,3.57,27.46,0,20.38,0,0,0,0,1745798400000,0,1,1,1,1
2025-04-29,10.763,3.404,0.016,96,0,0,1.808,3.974,61705,1584.1,84,0,2.25,26.79,0,23,0,0,0,0,1745884800000,0,1,1,1,1
2025-04-30,11.056,1.924,0.108,96,0,0,1.837,5.666,61789,1586.35,63,0,1.79,28.41,0,23.44,0,0,0,0,1745971200000,0,1,1,1,1
2025-05-01,7.413,1.636,0,96,0,0,1.734,2.958,61852,1588.14,54,0,1.54,28.52,0,23.4,0,0,0,0,1746057600000,0,1,1,1,1
2025-05-02,6.212,1.656,0,96,0,0,1.689,1.632,61906,1589.68,39,0,1.12,28.72,0,22.11,0,0,0,0,1.746144e+12,0,1,1,1,1
2025-05-03,8.511,1.584,0,96,0,0,1.823,4.018,61945,1590.8,63,0,1.83,29.05,0,16.84,0,0,0,0,1746230400000,0,1,1,1,1
2025-05-04,12.706,2.924,0.008,96,0,0,1.791,7.487,62008,1592.63,93,0,2.74,29.46,0,12.6,0,0,0,0,1746316800000,0,1,1,1,1
2025-05-05,31.447,5.228,0.266,96,0,0,1.752,24.208,62101,1595.37,151,0,4.67,30.93,0,0.93,0,0,0,0,1746403200000,0,1,1,1,1
2025-05-06,23.121,3.648,0.298,96,0,0,2.005,15.382,62252,1600.04,192,0,5.82,30.31,0,5.71,0,0,0,0,1746489600000,0,1,1,1,1
2025-05-07,22.07,4.028,0.282,96,0,0,1.954,13.899,62444,1605.86,205,0,6.44,31.41,0,8.99,0,0,0,0,1.746576e+12,0,1,1,1,1
2025-05-08,21.952,5.04,0.26,96,0,0,1.922,12.706,62649,1612.3,208,0,6.6,31.73,0,6.27,0,0,0,0,1746662400000,0,1,1,1,1
2025-05-09,22.005,3.68,0.242,96,0,0,2.279,14.349,62857,1618.9,202,0,6.37,31.53,0,10.67,0,0,0,0,1746748800000,0,1,1,1,1
2025-05-10,14.091,4.572,0.004,96,0,0,1.981,8.34,63059,1625.27,161,0,4.75,29.5,0,18.33,0,0,0,0,1746835200000,0,1,1,1,1
2025-05-11,6.426,2.568,0,96,0,0,1.863,2.435,63220,1630.02,158,0,4.47,28.29,0,23.99,0,0,0,0,1746921600000,0,1,1,1,1
2025-05-12,15.553,3.276,0.212,96,0,0,1.76,10.383,63378,1634.49,133,0,3.58,26.92,0,18.75,0,0,0,0,1.747008e+12,0,1,1,1,1
2025-05-13,15.548,4.724,0.062,96,0,0,1.769,8.732,63511,1638.07,115,0,3.16,27.48,0,20.35,0,0,0,0,1747094400000,0,1,1,1,1
2025-05-14,9.047,2.652,0.004,96,0,0,1.957,2.922,63626,1641.23,101,0,2.77,27.43,0,17.33,0,0,0,0,1747180800000,0,1,1,1,1
2025-05-15,14.571,3.924,0.092,96,0,0,1.946,8.41,63727,1644,124,0,3.41,27.5,0,17.2,0,0,0,0,1747267200000,0,1,1,1,1
2025-05-16,10.98,4.364,0.004,96,0,0,1.968,4.855,63851,1647.41,164,0,4.56,27.8,0,14.12,0,0,0,0,1747353600000,0,1,1,1,1
2025-05-17,9.729,3.616,0,96,0,0,1.873,5.367,64015,1651.97,153,0,4.29,28.04,0,17.57,0,0,0,0,1.74744e+12,0,1,1,1,1
2025-05-18,8.71,3.984,0,96,0,0,2.008,3.568,64168,1656.26,147,0,4.3,29.25,0,23.39,0,0,0,0,1747526400000,0,1,1,1,1
2025-05-19,10.199,2.86,0.024,96,0,0,1.913,4.565,64315,1660.56,121,0,3.27,27.02,0,22.19,0,0,0,0,1747612800000,0,1,1,1,1
2025-05-20,14.432,3.46,0.074,96,0,0,1.781,8.486,64436,1663.83,81,0,2.3,28.4,0,16.56,0,0,0,0,1747699200000,0,1,1,1,1
2025-05-21,12.127,3.036,0.004,96,0,0,1.885,6.022,64517,1666.13,105,0,3.14,29.9,0,3.1,0,0,0,0,1747785600000,0,1,1,1,1
2025-05-22,19.538,4.296,0.23,96,0,0,1.887,13.301,64622,1669.27,160,0,4.93,30.81,0,4.93,0,0,0,0,1.747872e+12,0,1,1,1,1
2025-05-23,15.934,4.264,0.084,96,0,0,2.031,7.493,64782,1674.2,173,0,5.22,30.17,0,15.1,0,0,0,0,1747958400000,0,1,1,1,1
2025-05-24,9.235,2.176,0,96,0,0,2.077,4.411,64955,1679.42,141,0,3.68,26.1,0,19.48,0,0,0,0,1748044800000,0,1,1,1,1
2025-05-25,10.56,3.008,0,96,0,0,1.954,4.912,65096,1683.1,145,0,4.01,27.66,0,20,0,0,0,0,1748131200000,0,1,1,1,1
2025-05-26,13.66,4.648,0.004,96,0,0,1.94,7.925,65241,1687.11,134,0,3.69,27.54,0,17.05,0,0,0,0,1748217600000,0,1,1,1,1
2025-05-27,11.07,2,0.002,96,0,0,2.025,5.264,65375,1690.8,132,0,3.83,29.02,0,13.6,0,0,0,0,1.748304e+12,0,1,1,1,1
2025-05-28,9.429,2.188,0,96,0,0,2.34,3.291,65507,1694.63,140,0,4.12,29.43,0,17.44,0,0,0,0,1748390400000,0,1,1,1,1
2025-05-29,12.477,1.908,0.014,96,0,0,2.634,3.864,65647,1698.75,137,0,4.03,29.42,0,22.44,5,5,5,5,1748476800000,1,1,1,1,1
2025-05-30,16.983,2.976,0.004,96,0,0,3.173,6.608,65784,1702.78,80,0,2.4,30,0,23.63,0,5,0,5,1748563200000,1,1,1,1,1
2025-05-31,10.805,2.952,0,96,0,0,3.246,2.594,65864,1705.18,36,0,1.08,30,0,23.85,0,5,0,5,1748649600000,1,1,1,1,1
2025-06-01,12.462,3.984,0.002,96,0,0,2.798,5.93,65900,1706.26,34,0,1.13,33.24,0,21.36,0,0,0,0,1.748736e+12,0,1,1,1,1
2025-06-02,18.117,4.04,0.05,96,0,0,2.031,12.155,65934,1707.39,21,0,0.61,29.05,0,16.31,0,0,0,0,1748822400000,0,1,1,1,1
2025-06-03,26.018,4.844,0.264,96,0,0,1.928,18.289,65955,1708,60,0,1.8,30,0,4.84,0,0,0,0,1748908800000,0,1,1,1,1
2025-06-04,9.829,2.088,0.004,96,0,0,1.811,3.715,66015,1709.8,25,0,0.9,36,0,21.18,0,0,0,0,1748995200000,0,1,1,1,1
2025-06-05,16.937,4.828,0.122,96,0,0,1.801,10.722,66040,1710.7,44,0,1.34,30.45,0,13.14,0,0,0,0,1749081600000,0,1,1,1,1
2025-06-06,8.175,3.692,0,96,0,0,2.106,2.919,66084,1712.04,13,0,0.51,39.23,0,22.57,0,0,0,0,1.749168e+12,0,1,1,1,1
2025-06-07,10.953,2.672,0.002,96,0,0,2.469,5.152,66097,1712.55,26,0,0.74,28.46,0,13.8,5,5,5,5,1749254400000,1,1,1,1,1
2025-06-08,18.146,3.372,0.35,96,0,0,3.094,8.786,66123,1713.29,77,0,2.82,36.62,0,8.18,0,5,0,5,1749340800000,1,1,1,1,1
2025-06-09,11.335,2.184,0,96,0,0,3.049,3.67,66200,1716.11,53,0,1.92,36.23,0,25.27,0,5,0,5,1749427200000,1,1,1,1,1
2025-06-10,13.609,2.604,0.004,96,0,0,2.616,5.074,66253,1718.03,31,0,1.03,33.23,0,24.35,0,5,0,5,1749513600000,1,1,1,1,1
2025-06-11,12.588,2.856,0,96,0,0,2.586,4.497,66284,1719.06,19,0,0.67,35.26,0,23.86,0,5,0,5,1.7496e+12,1,1,1,1,1
2025-06-12,10.494,1.424,0,96,0,0,3.187,2.801,66303,1719.73,27,0,1.16,42.96,0,24.11,0,5,0,5,1749686400000,1,1,1,1,1
2025-06-13,9.177,2.5,0,96,0,0,2.593,1.764,66330,1720.89,42,0,1.99,47.38,0,24.25,0,5,0,5,1749772800000,1,1,1,1,1
2025-06-14,10.322,1.884,0,96,0,0,2.73,3.842,66372,1722.88,59,0,2.97,50.34,0,23.26,0,5,0,5,1749859200000,1,1,1,1,1
2025-06-15,11.811,2.26,0,96,0,0,2.864,5.346,66431,1725.85,43,0,2.27,52.79,0,20.88,0,5,0,5,1749945600000,1,1,1,1,1
2025-06-16,18.024,2.736,0.22,96,0,0,2.68,8.896,66474,1728.12,51,0,2.48,48.63,0,12.09,0,5,0,5,1.750032e+12,1,1,1,1,1
2025-06-17,14.032,4.348,0,96,0,0,2.687,4.56,66525,1730.6,48,0,2.34,48.75,0,19.32,0,5,0,5,1750118400000,1,1,1,1,1
2025-06-18,9.623,3.108,0,96,0,0,2.458,3.393,66573,1732.94,24,0,1.1,45.83,0,24.64,0,5,0,5,1750204800000,1,1,1,1,1
2025-06-19,8.761,1.484,0,96,0,0,2.836,2.581,66597,1734.04,18,0,0.75,41.67,0,23.85,0,5,0,5,1750291200000,1,1,1,1,1
2025-06-20,12.893,1.848,0.024,96,0,0,3.508,4.642,66615,1734.79,20,0,0.92,46,0,24.27,0,5,0,5,1750377600000,1,1,1,1,1
2025-06-21,6.96,2.06,0,96,0,0,2.065,1.821,66635,1735.71,10,0,0.46,46,0,24.26,0,0,0,0,1.750464e+12,0,1,1,1,1
2025-06-22,6.215,1.072,0,96,0,0,2.061,1.557,66645,1736.17,9,0,0.31,34.44,0,24.58,0,0,0,0,1750550400000,0,1,1,1,1
2025-06-23,16.568,4.68,0.042,96,0,0,1.887,9.044,66654,1736.48,13,0,0.31,23.85,0,19.33,0,0,0,0,1750636800000,0,1,1,1,1
2025-06-24,5.833,1.104,0,96,0,0,1.838,1.312,66667,1736.79,7,0,0.25,35.71,0,24.1,0,0,0,0,1750723200000,0,1,1,1,1
2025-06-25,8.68,2.412,0,96,0,0,2.523,1.989,66674,1737.04,0,0,0,0,0,22.71,0,0,0,0,1750809600000,0,1,1,1,1
2025-06-26,10.716,2.348,0,96,0,0,2.737,3.485,66674,1737.04,12,0,0.32,26.67,0,22.91,0,0,0,0,1.750896e+12,0,1,1,1,1
2025-06-27,6.545,1.56,0,96,0,0,2.091,0.973,66686,1737.36,0,0,0,0,0,22.56,0,0,0,0,1750982400000,0,1,1,1,1
2025-06-28,7.308,1.464,0,96,0,0,2.242,2.025,66686,1737.36,10,0,0.24,24,0,22.5,0,0,0,0,1751068800000,0,1,1,1,1
2025-06-29,7.708,1.168,0,96,0,0,3.29,0.544,66696,1737.6,0,0,0,0,0,23.22,2,2,2,2,1751155200000,1,1,1,1,1
2025-06-30,15.047,3.536,0.06,96,0,0,2.646,9.044,66696,1737.6,15,0,0.41,27.33,0,17.06,0,2,0,2,1751241600000,1,1,1,1,1
2025-07-01,7.441,1.156,0,96,0,0,2.438,1.971,66711,1738.01,11,0,0.45,40.91,0,18.68,0,2,0,2,1.751328e+12,1,1,1,1,1
2025-07-02,8.048,1.192,0,96,0,0,3.292,1.269,66722,1738.46,11,0,0.51,46.36,0,22.77,0,2,0,2,1751414400000,1,1,1,1,1
2025-07-03,14.448,2.34,0,96,0,0,2.966,6.346,66733,1738.97,5,0,0.21,42,0,20.59,0,2,0,2,1751500800000,1,1,1,1,1
2025-07-04,13.662,4.04,0.018,96,0,0,3.319,6.072,66738,1739.18,18,0,0.82,45.56,0,18.09,0,2,0,2,1751587200000,1,1,1,1,1
2025-07-05,13.577,2.548,0.122,96,0,0,3.17,6.761,66756,1740,17,0,0.99,58.24,0,15.22,0,0,0,0,1751673600000,0,1,1,1,1
2025-07-06,12.549,1.884,0,96,0,0,3.174,5.513,66773,1740.99,14,0,0.65,46.43,0,13.92,3,3,3,3,1.75176e+12,1,1,1,1,1
2025-07-07,17.588,2.104,0.018,96,0,0,4.456,8.07,66787,1741.64,21,0,1,47.62,0,17.03,0,3,0,3,1751846400000,1,1,1,1,1
2025-07-08,16.359,3.252,0.032,96,0,0,2.9,9.072,66808,1742.64,40,0,1.87,46.75,0,12,0,3,0,3,1751932800000,1,1,1,1,1
2025-07-09,11.576,2.816,0,96,0,0,2.926,3.145,66848,1744.51,31,0,1.61,51.94,0,22.3,2,5,2,5,1752019200000,1,1,1,1,1
2025-07-10,17.111,2.712,0.174,96,0,0,2.847,10.362,66879,1746.12,44,0,2.16,49.09,0,16.93,0,5,0,5,1752105600000,1,1,1,1,1
2025-07-11,14.748,2.14,0.09,96,0,0,2.809,7.349,66923,1748.28,56,0,2.67,47.68,0,11.43,0,5,0,5,1.752192e+12,1,1,1,1,1
2025-07-12,13.685,2.812,0.07,96,0,0,2.565,7.098,66979,1750.95,47,0,2.17,46.17,0,15.63,0,5,0,5,1752278400000,1,1,1,1,1
2025-07-13,11.979,2.372,0.018,96,0,0,4.082,4.107,67026,1753.12,32,0,1.64,51.25,0,16.45,0,3,0,3,1752364800000,1,1,1,1,1
2025-07-14,12.927,2.024,0.052,96,0,0,2.622,6.659,67058,1754.76,22,0,0.99,45,0,17.14,0,3,0,3,1752451200000,1,1,1,1,1
2025-07-15,14.098,3.052,0,96,0,0,2.539,6.665,67080,1755.75,21,0,0.98,46.67,0,19.05,0,3,0,3,1752537600000,1,1,1,1,1
2025-07-16,17.595,2.784,0.326,96,0,0,3.057,10.912,67101,1756.73,53,0,2.49,46.98,0,9.64,0,3,0,3,1.752624e+12,1,1,1,1,1
2025-07-17,7.176,0.9,0,96,0,0,2.631,1.144,67154,1759.22,22,0,1.11,50.45,0,24.18,0,3,0,3,1752710400000,1,1,1,1,1
2025-07-18,12.032,2.264,0.004,96,0,0,2.519,5.588,67176,1760.33,25,0,0.99,39.6,0,21.45,0,3,0,3,1752796800000,1,1,1,1,1
2025-07-19,9.58,2.068,0,96,0,0,2.436,2.749,67201,1761.32,12,0,0.56,46.67,0,23.01,2,5,2,5,1752883200000,1,1,1,1,1
2025-07-20,11.942,3.336,0,96,0,0,2.794,5.72,67213,1761.88,21,0,1.04,49.52,0,22.23,0,5,0,5,1752969600000,1,1,1,1,1
2025-07-21,21.179,3.196,0.184,96,0,0,2.684,10.938,67234,1762.92,29,0,1.38,47.59,0,12.51,0,5,0,5,1.753056e+12,1,1,1,1,1
2025-07-22,14.331,2.524,0.066,96,0,0,2.864,6.178,67263,1764.3,27,0,1.38,51.11,0,18.76,0,5,0,5,1753142400000,1,1,1,1,1
2025-07-23,16.734,3.668,0.08,96,0,0,3.189,9.273,67290,1765.68,34,0,1.68,49.41,0,16.37,0,5,0,5,1753228800000,1,1,1,1,1
2025-07-24,20.355,4.452,0.242,96,0,0,2.734,13.152,67324,1767.36,41,0,2.09,50.98,0,10.14,0,5,0,5,1753315200000,1,1,1,1,1
2025-07-25,21.647,3.092,0.31,96,0,0,2.68,13.037,67365,1769.45,52,0,2.69,51.73,0,6.7,0,5,0,5,1753401600000,1,1,1,1,1
2025-07-26,22.996,4.844,0.046,96,0,0,2.546,15.014,67417,1772.14,68,0,3.2,47.06,0,11.34,0,5,0,5,1.753488e+12,1,1,1,1,1
2025-07-27,13.68,3.104,0.028,96,0,0,2.65,5.853,67485,1775.34,29,0,1.33,45.86,0,18.47,2,5,2,5,1753574400000,1,1,1,1,1
2025-07-28,19.573,4.908,0.268,96,0,0,2.583,11.429,67514,1776.67,52,0,2.55,49.04,0,10.53,0,5,0,5,1753660800000,1,1,1,1,1
2025-07-29,14.188,2.212,0.012,96,0,0,2.7,5.731,67566,1779.22,43,0,2.21,51.4,0,15.86,0,5,0,5,1753747200000,1,1,1,1,1
2025-07-30,13.176,1.904,0.016,96,0,0,2.73,5.39,67609,1781.43,41,0,1.59,38.78,0,20.67,0,5,0,5,1753833600000,1,1,1,1,1
2025-07-31,14.493,2.312,0,96,0,0,2.446,6.342,67650,1783.02,40,0,1.82,45.5,0,18.88,0,5,0,5,1.75392e+12,1,1,1,1,1
2025-08-01,14.094,3.06,0.042,96,0,0,2.665,6.804,67690,1784.84,54,0,2.23,41.3,0,14.89,0,5,0,5,1754006400000,1,1,1,1,1
2025-08-02,30.298,4.324,0.342,96,0,0,2.745,23.141,67744,1787.07,88,0,3.66,41.59,0,4.21,0,5,0,5,1754092800000,1,1,1,1,1
2025-08-03,15.099,3.336,0,96,0,0,2.25,8.053,67832,1790.73,76,0,3.03,39.87,0,17.26,0,4,0,4,1754179200000,1,1,1,1,1
2025-08-04,12.284,1.376,0.106,96,0,0,2.603,5.697,67908,1793.76,62,0,2.25,36.29,0,16.47,0,4,0,4,1754265600000,1,1,1,1,1
2025-08-05,11.222,2.44,0,96,0,0,2.317,4.353,67970,1796.01,38,0,1.53,40.26,0,19.99,0,4,0,4,1.754352e+12,1,1,1,1,1
2025-08-06,17.024,2.9,0.12,96,0,0,2.28,9.685,68008,1797.54,72,0,3.07,42.64,0,12.61,0,4,0,4,1754438400000,1,1,1,1,1
2025-08-07,13.392,4.132,0,96,0,0,2.672,5.591,68080,1800.61,39,0,1.67,42.82,0,18.78,0,4,0,4,1754524800000,1,1,1,1,1
2025-08-08,15.222,3.724,0.022,96,0,0,2.606,4.979,68119,1802.28,26,0,1.19,45.77,0,20.98,0,4,0,4,1754611200000,1,1,1,1,1
2025-08-09,10.734,1.728,0,96,0,0,2.771,3.338,68145,1803.47,21,0,0.99,47.14,0,20.8,0,4,0,4,1754697600000,1,1,1,1,1
2025-08-10,18.722,3.208,0.012,96,0,0,4.081,8.464,68166,1804.46,20,0,0.92,46,0,20.33,4,6,4,6,1.754784e+12,1,1,1,1,1
2025-08-11,13.455,2.332,0,96,0,0,3.997,3.821,68186,1805.38,15,0,0.68,45.33,0,20.59,0,6,0,6,1754870400000,1,1,1,1,1
2025-08-12,14.143,4.012,0,96,0,0,2.966,5.638,68201,1806.06,24,0,1.12,46.67,0,20.4,0,6,0,6,1754956800000,1,1,1,1,1
2025-08-13,14.975,3.528,0,96,0,0,4.051,4.931,68225,1807.18,22,0,1.13,51.36,0,20.01,0,6,0,6,1755043200000,1,1,1,1,1
2025-08-14,16.756,3.988,0,96,0,0,3.41,6.909,68247,1808.31,20,0,1.04,52,0,20.06,0,6,0,6,1755129600000,1,1,1,1,1
2025-08-15,13.929,3.988,0,96,0,0,3.492,5.015,68267,1809.35,21,0,1.08,51.43,0,20.17,0,6,0,6,1.755216e+12,1,1,1,1,1
2025-08-16,17.937,3.192,0.066,96,0,0,3.55,8.563,68288,1810.43,22,0,1.14,51.82,0,17.63,2,6,2,6,1755302400000,1,1,1,1,1
2025-08-17,14.323,1.84,0.072,96,9,0.09375,2.954,7.09,68310,1811.57,29,0,1.64,56.55,0,15.88,0,6,0,6,1755388800000,1,1,1,1,1
2025-08-18,16.643,2.912,0.008,96,0,0,3.699,8.078,68339,1813.21,26,0,1.33,51.15,0,20.52,0,6,0,6,1755475200000,1,1,1,1,1
2025-08-19,13.374,2.664,0.01,96,0,0,3.94,4.332,68365,1814.54,24,0,1.26,52.5,0,19.88,0,6,0,6,1755561600000,1,1,1,1,1
2025-08-20,18.258,3.18,0.212,96,0,0,2.79,11.284,68389,1815.8,56,0,2.99,53.39,0,9.18,0,6,0,6,1.755648e+12,1,1,1,1,1
2025-08-21,31.951,5.78,0.388,96,0,0,2.862,22.175,68445,1818.79,57,0,3.04,53.33,0,6.58,0,6,0,6,1755734400000,1,1,1,1,1
2025-08-22,16.647,4.356,0.02,96,0,0,2.73,9.77,68502,1821.83,39,0,2.12,54.36,0,15.11,0,6,0,6,1755820800000,1,1,1,1,1
2025-08-23,15.067,2.28,0.144,96,0,0,3.115,7.791,68541,1823.95,46,0,2.4,52.17,0,14,0,6,0,6,1755907200000,1,1,1,1,1
2025-08-24,15.554,3.46,0.046,96,0,0,2.523,7.983,68587,1826.35,47,0,1.98,42.13,0,16.93,0,6,0,6,1755993600000,1,1,1,1,1
2025-08-25,14.694,2.736,0.04,96,0,0,2.575,6.231,68634,1828.33,40,0,1.72,43,0,19.93,0,6,0,6,1.75608e+12,1,1,1,1,1
2025-08-26,12.279,2.832,0,96,0,0,2.309,4.995,68674,1830.05,43,0,1.84,42.79,0,19.83,0,4,0,4,1756166400000,1,1,1,1,1
2025-08-27,11.746,2.12,0.032,96,0,0,2.164,5.299,68717,1831.89,24,0,1.08,45,0,17.26,0,4,0,4,1756252800000,1,1,1,1,1
2025-08-28,24.782,3.936,0.344,96,0,0,2.649,17.179,68741,1832.97,52,0,2.2,42.31,0,4.89,2,6,2,6,1756339200000,1,1,1,1,1
2025-08-29,21.89,5.344,0.27,96,0,0,2.343,15.011,68793,1835.17,50,0,2.5,50,0,6.23,0,6,0,6,1756425600000,1,1,1,1,1
2025-08-30,13.507,3.564,0.004,96,0,0,2.587,6.925,68843,1837.67,56,0,2.11,37.68,0,15.76,0,4,0,4,1.756512e+12,1,1,1,1,1
2025-08-31,13.988,3.264,0.004,96,0,0,2.504,7.901,68899,1839.78,40,0,1.46,36.5,0,18.33,0,4,0,4,1756598400000,1,1,1,1,1
2025-09-01,10.079,1.948,0,96,0,0,2.575,2.856,68939,1841.24,26,0,0.92,35.38,0,18.6,0,4,0,4,1756684800000,1,1,1,1,1
2025-09-02,11.279,1.896,0,96,0,0,3.027,4.903,68965,1842.16,63,0,2.37,37.62,0,8.16,0,2,0,2,1756771200000,1,1,1,1,1
2025-09-03,12.604,3.34,0,96,0,0,3.333,4.617,69028,1844.53,42,0,1.39,33.1,0,19.36,2,2,2,2,1756857600000,1,1,1,1,1
2025-09-04,9.016,1.432,0.01,96,0,0,2.209,3.354,69070,1845.92,38,0,1.12,29.47,0,18.62,0,2,0,2,1.756944e+12,1,1,1,1,1
2025-09-05,9.396,1.532,0,96,0,0,2.289,3.961,69108,1847.04,21,0,0.63,30,0,15.44,0,2,0,2,1757030400000,1,1,1,1,1
2025-09-06,19.145,5.86,0,96,0,0,2.268,10.889,69129,1847.67,40,0,1.22,30.5,0,18.9,0,2,0,2,1757116800000,1,1,1,1,1
2025-09-07,10.1,2.524,0,96,0,0,2.809,3.288,69169,1848.89,50,0,2.1,42,0,16.42,0,2,0,2,1757203200000,1,1,1,1,1
2025-09-08,15.071,2.592,0.17,96,0,0,2.232,9.157,69219,1850.99,39,0,1.39,35.64,0,16.85,0,2,0,2,1757289600000,1,1,1,1,1
2025-09-09,11.204,3.332,0,96,0,0,2.455,4.955,69258,1852.38,59,0,2.27,38.47,0,12.45,0,2,0,2,1.757376e+12,1,1,1,1,1
2025-09-10,21.201,3.004,0.388,96,0,0,2.848,13.36,69317,1854.65,77,0,2.88,37.4,0,2.06,0,2,0,2,1757462400000,1,1,1,1,1
2025-09-11,15.702,4.432,0.054,96,0,0,2.782,7.851,69394,1857.53,65,0,2.59,39.85,0,15.92,0,2,0,2,1757548800000,1,1,1,1,1
2025-09-12,13.199,3.168,0,96,0,0,2.435,7.111,69459,1860.12,64,0,2.45,38.28,0,11.16,0,2,0,2,1757635200000,1,1,1,1,1
2025-09-13,13.07,2.448,0.06,96,0,0,2.844,5.558,69523,1862.57,64,0,2.49,38.91,0,10.36,0,2,0,2,1757721600000,1,1,1,1,1
2025-09-14,14.535,1.872,0.04,96,0,0,2.347,6.244,69587,1865.06,61,0,2.44,40,0,8.82,0,0,0,0,1.757808e+12,0,1,1,1,1
2025-09-15,10.047,2.932,0,96,0,0,2.087,4.669,69648,1867.5,36,0,1.16,32.22,0,16.26,0,0,0,0,1757894400000,0,1,1,1,1
2025-09-16,16.39,3.128,0.132,96,0,0,1.997,9.408,69684,1868.66,61,0,2,32.79,0,8.76,0,0,0,0,1757980800000,0,1,1,1,1
2025-09-17,7.217,1.388,0,96,0,0,1.805,2.961,69745,1870.66,62,0,1.67,26.94,0,16.27,0,0,0,0,1758067200000,0,1,1,1,1
2025-09-18,7.588,1.152,0,96,0,0,2.71,2.231,69807,1872.33,24,0,0.66,27.5,0,16.61,0,0,0,0,1758153600000,0,1,1,1,1
2025-09-19,10.512,2.1,0.02,96,0,0,1.827,6.089,69831,1872.99,32,0,0.85,26.56,0,16.47,0,0,0,0,1.75824e+12,0,1,1,1,1
2025-09-20,10.42,3.416,0,96,0,0,2.077,5.912,69863,1873.84,18,0,0.53,29.44,0,15.84,0,0,0,0,1758326400000,0,1,1,1,1
2025-09-21,11.049,4.304,0,96,0,0,2.342,4.953,69881,1874.37,22,0,0.77,35,0,15.93,0,0,0,0,1758412800000,0,1,1,1,1
2025-09-22,14.114,2.168,0.148,96,0,0,2.373,8.642,69903,1875.14,51,0,1.88,36.86,0,7.27,0,0,0,0,1758499200000,0,1,1,1,1
2025-09-23,21.431,4.876,0.28,96,0,0,2.417,15.117,69954,1877.02,65,0,2.54,39.08,0,5.16,0,0,0,0,1758585600000,0,1,1,1,1
2025-09-24,17.423,3.856,0.146,96,0,0,2.237,11.283,70019,1879.56,72,0,2.58,35.83,0,2.88,0,0,0,0,1.758672e+12,0,1,1,1,1
2025-09-25,18.987,4.132,0.21,96,0,0,2.85,11.535,70091,1882.14,91,0,2.97,32.64,0,9.18,0,0,0,0,1758758400000,0,1,1,1,1
2025-09-26,14.909,3.288,0,96,0,0,2.335,8.139,70182,1885.11,109,0,3.46,31.74,0,5.24,0,0,0,0,1758844800000,0,1,1,1,1
2025-09-27,14.535,2.572,0.05,96,0,0,2.034,8.223,70291,1888.57,151,0,4.4,29.14,0,9.68,0,0,0,0,1758931200000,0,1,1,1,1
2025-09-28,10.223,2.884,0.006,96,0,0,2.545,3.715,70442,1892.97,113,0,3.43,30.35,0,9.12,0,0,0,0,1759017600000,0,1,1,1,1
2025-09-29,11.842,3.316,0.018,96,0,0,1.88,6.549,70555,1896.4,122,0,3.44,28.2,0,13.6,0,0,0,0,1.759104e+12,0,1,1,1,1
2025-09-30,8.693,1.456,0,96,0,0,1.843,3.728,70677,1899.84,131,0,3.82,29.16,0,4.51,0,0,0,0,1759190400000,0,1,1,1,1
2025-10-01,13.342,3.628,0.006,96,0,0,2.699,7.145,70808,1903.66,160,0,4.47,27.94,0,12.73,0,0,0,0,1759276800000,0,1,1,1,1
2025-10-02,11.609,1.716,0.004,96,0,0,2.5,5.1,70968,1908.13,187,0,5.15,27.54,0,12.62,0,0,0,0,1759363200000,0,1,1,1,1
2025-10-03,14,2.624,0.002,96,0,0,2.426,7.21,71155,1913.28,192,0,5.41,28.18,0,16.01,0,0,0,0,1759449600000,0,1,1,1,1
2025-10-04,11.224,2.364,0,96,0,0,2.184,5.953,71347,1918.69,217,0,6.41,29.54,0,7.53,0,0,0,0,1.759536e+12,0,1,1,1,1
2025-10-05,10.779,1.576,0,96,0,0,2.268,4.244,71564,1925.1,202,0,5.68,28.12,0,5.91,0,0,0,0,1759622400000,0,1,1,1,1
2025-10-06,13.717,2.956,0.054,96,0,0,1.922,7.031,71766,1930.78,196,0,5.43,27.7,0,12.01,0,0,0,0,1759708800000,0,1,1,1,1
2025-10-07,14.986,2.976,0.032,96,0,0,2.457,7.897,71962,1936.21,183,0,4.9,26.78,0,13.03,0,0,0,0,1759795200000,0,1,1,1,1
2025-10-08,12.76,2.164,0.004,96,0,0,2.386,5.448,72145,1941.11,176,0,4.68,26.59,0,12.76,0,0,0,0,1759881600000,0,1,1,1,1
2025-10-09,20.67,2.548,0.29,96,0,0,2.509,11.993,72321,1945.79,165,0,4.57,27.7,0,9.26,0,0,0,0,1.759968e+12,0,1,1,1,1
2025-10-10,12.472,3.124,0,96,0,0,2.712,5.277,72486,1950.36,155,0,4.41,28.45,0,14.03,0,0,0,0,1760054400000,0,1,1,1,1
2025-10-11,8.012,1.048,0,96,0,0,3.207,1.245,72641,1954.77,145,0,4.21,29.03,0,14.07,0,0,0,0,1760140800000,0,1,1,1,1
2025-10-12,9.433,2.112,0,96,0,0,2.077,4.491,72786,1958.98,179,0,5.11,28.55,0,7.57,0,0,0,0,1760227200000,0,1,1,1,1
2025-10-13,14.951,2.276,0.046,96,0,0,2.678,7.679,72965,1964.09,144,0,4.01,27.85,0,9.87,0,0,0,0,1760313600000,0,1,1,1,1
2025-10-14,20.366,4.232,0.206,96,0,0,2.493,13.779,73109,1968.1,153,0,4.18,27.32,0,7.39,0,0,0,0,1.7604e+12,0,1,1,1,1
2025-10-15,13.816,2.912,0.008,96,0,0,2.137,7.753,73262,1972.28,163,0,4.49,27.55,0,9.77,0,0,0,0,1760486400000,0,1,1,1,1
2025-10-16,15.446,3.948,0,96,0,0,2.144,7.546,73425,1976.77,180,304,4.85,26.94,0,6.51,0,0,0,0,1760572800000,0,1,1,1,1
2025-10-17,12.921,4.052,0.004,96,0,0,1.968,8.21,73605,1981.62,178,240,4.97,27.92,0,9.76,0,0,0,0,1760659200000,0,1,1,1,1
2025-10-18,14.496,4.592,0.012,96,0,0,1.858,9.542,73783,1986.59,210,162,5.73,27.29,0,13.08,0,0,0,0,1760745600000,0,1,1,1,1
2025-10-19,9.103,1.788,0,96,0,0,2.113,3.713,73993,1992.32,161,135,4.57,28.39,0,7.02,0,0,0,0,1.760832e+12,0,1,1,1,1
2025-10-20,11.95,3.384,0,96,0,0,1.902,6.796,74154,1996.89,158,155,4.23,26.77,0,8.16,0,0,0,0,1760918400000,0,1,1,1,1
2025-10-21,19.435,4.6,0.21,96,0,0,2.009,12.455,74312,2001.12,159,118,4.34,27.3,0,3.26,0,0,0,0,1761004800000,0,1,1,1,1
2025-10-22,10.787,2.58,0,96,0,0,1.891,4.27,74471,2005.46,170,116,4.67,27.47,0,9.89,0,0,0,0,1761091200000,0,1,1,1,1
2025-10-23,18.042,3.144,0.286,96,0,0,2.359,11.294,74641,2010.13,172,128,4.58,26.63,0,2.17,0,0,0,0,1761177600000,0,1,1,1,1
2025-10-24,17.05,3.42,0.196,96,0,0,2.023,11.101,74813,2014.71,183,162,4.95,27.05,0,11.38,0,0,0,0,1.761264e+12,0,1,1,1,1
2025-10-25,10.052,1.38,0.046,96,0,0,1.982,5.049,74996,2019.66,197,152,5.32,27.01,0,11.28,0,0,0,0,1761350400000,0,1,1,1,1
2025-10-26,9.096,2.136,0,96,0,0,1.964,4.268,75193,2024.98,197,147,5.14,26.09,0,10.49,0,0,0,0,1761436800000,0,1,1,1,1
2025-10-27,9.658,1.236,0.034,96,0,0,1.905,4.636,75390,2030.12,229,147,6.46,28.21,0,8.21,0,0,0,0,1761523200000,0,1,1,1,1
2025-10-28,11.724,2.728,0.016,96,0,0,2.305,6.211,75619,2036.58,216,156,6.17,28.56,0,12.17,0,0,0,0,1761609600000,0,1,1,1,1
2025-10-29,16.127,2.056,0.096,96,0,0,3.357,8.084,75835,2042.75,246,171,6.98,28.37,0,7.78,0,0,0,0,1.761696e+12,0,1,1,1,1
2025-10-30,26.302,4.4,0.332,96,0,0,3.437,17.826,76081,2049.73,224,149,6.49,28.97,0,3.88,0,0,0,0,1761782400000,0,1,1,1,1
2025-10-31,22.886,4.424,0.276,96,0,0,2.651,15.817,76305,2056.22,214,149,6.41,29.95,0,4.67,0,0,0,0,1761868800000,0,1,1,1,1
2025-11-01,15.934,3.624,0.004,96,0,0,3.714,7.825,76519,2062.63,184,151,5.23,28.42,0,7.56,0,0,0,0,1761955200000,0,1,1,1,1
2025-11-02,12.479,3.448,0.212,96,0,0,2.001,5.983,76703,2067.86,181,174,5.17,28.56,0,2.84,0,0,0,0,1762041600000,0,1,1,1,1
2025-11-03,16.985,3.868,0.216,96,0,0,2.26,10.234,76884,2073.03,205,179,5.45,26.59,0,10.71,0,0,0,0,1.762128e+12,0,1,1,1,1
2025-11-04,11.784,2.356,0,96,0,0,2.545,6.864,77089,2078.48,207,191,5.16,24.93,0,11.48,0,0,0,0,1762214400000,0,1,1,1,1
2025-11-05,13.999,3.016,0,96,0,0,2.308,7.537,77296,2083.64,237,236,6.1,25.74,0,11.36,0,0,0,0,1762300800000,0,1,1,1,1
2025-11-06,12.586,2.256,0.04,96,0,0,1.911,6.6,77533,2089.74,238,100,6.21,26.09,0,11.32,0,0,0,0,1762387200000,0,1,1,1,1
2025-11-07,23.942,3.656,0.272,96,0,0,2.226,16.332,77771,2095.95,263,203,7.14,27.15,0,2.08,0,0,0,0,1762473600000,0,1,1,1,1
2025-11-08,22.49,5.076,0.278,96,0,0,2.277,15.891,78034,2103.09,273,345,7.45,27.29,0,3.04,0,0,0,0,1.76256e+12,0,1,1,1,1
2025-11-09,10.921,2.092,0,96,0,0,2.538,4.742,78307,2110.54,276,355,7.59,27.5,0,10.16,0,0,0,0,1762646400000,0,1,1,1,1
2025-11-10,16.562,4.256,0,96,0,0,2.892,9.453,78583,2118.13,231,354,6.29,27.23,0,10.2,0,0,0,0,1762732800000,0,1,1,1,1
2025-11-11,15.838,2.572,0.148,96,0,0,2.823,8.668,78814,2124.42,265,364,7.16,27.02,0,10.26,0,0,0,0,1762819200000,0,1,1,1,1
2025-11-12,16.834,3.608,0.02,96,0,0,3.051,9.961,79079,2131.58,239,360,6.56,27.45,0,9.88,0,0,0,0,1762905600000,0,1,1,1,1
2025-11-13,14.596,2.992,0.028,96,0,0,2.235,8.319,79318,2138.14,234,387,6.29,26.88,0,8.99,0,0,0,0,1.762992e+12,0,1,1,1,1
2025-11-14,10.349,1.472,0,96,0,0,2.251,4.552,79552,2144.43,232,378,6.26,26.98,0,9.63,0,0,0,0,1763078400000,0,1,1,1,1
2025-11-15,17.761,3.508,0.214,96,0,0,2.147,12.819,79784,2150.69,225,383,6.14,27.29,0,5.53,0,0,0,0,1763164800000,0,1,1,1,1
2025-11-16,15.33,2.996,0.234,96,0,0,2.121,8.768,80009,2156.83,213,393,5.81,27.28,0,2.99,0,0,0,0,1763251200000,0,1,1,1,1
2025-11-17,23.758,3.84,0.314,96,0,0,2.47,13.677,80222,2162.64,241,379,6.6,27.39,0,1.26,0,0,0,0,1763337600000,0,1,1,1,1
2025-11-18,24.507,3.872,0.272,96,0,0,4.509,15.167,80463,2169.24,268,372,7.39,27.57,0,9.11,0,0,0,0,1.763424e+12,0,1,1,1,1
2025-11-19,17.043,2.732,0.122,96,0,0,3.449,8.591,80731,2176.63,282,337,7.63,27.06,0,8.58,0,0,0,0,1763510400000,0,1,1,1,1
2025-11-20,17.937,3.44,0.26,96,0,0,2.789,9.543,81013,2184.26,364,330,9.94,27.31,0,2.14,0,0,0,0,1763596800000,0,1,1,1,1
2025-11-21,34.571,3.668,0.316,96,0,0,3.485,23.717,81377,2194.2,378,377,10.4,27.51,0,NA,0,0,0,0,1763683200000,0,1,1,0,1
2025-11-22,31.097,4.752,0.412,96,0,0,8.603,17.12,81755,2204.6,426,399,12.03,28.24,0,NA,0,0,0,0,1763769600000,0,1,1,0,1
2025-11-23,19.125,4.552,0.362,96,0,0,2.915,11.868,82181,2216.63,410,407,11.81,28.8,0,0.28,0,0,0,0,1.763856e+12,0,1,1,1,1
2025-11-24,18.02,4.304,0.318,96,0,0,2.3,11.661,82591,2228.44,394,382,11.41,28.96,0,NA,0,0,0,0,1763942400000,0,1,1,0,1
2025-11-25,22.408,4.032,0.358,96,0,0,2.574,15.434,82985,2239.85,376,360,10.89,28.96,0,0.56,0,0,0,0,1764028800000,0,1,1,1,1
2025-11-26,15.556,1.776,0.22,96,0,0,3.19,9.27,83361,2250.74,372,305,11.37,30.56,0,5.38,0,0,0,0,1764115200000,0,1,1,1,1
2025-11-27,20.815,3.504,0.07,96,0,0,2.417,13.872,83733,2262.11,367,309,13.93,37.96,0,7.93,0,0,0,0,1764201600000,0,1,1,1,1
2025-11-28,15.478,2.46,0.084,96,0,0,2.659,8.904,84100,2276.04,370,309,21.86,59.08,0,8.5,0,0,0,0,1.764288e+12,0,1,1,1,1
2025-11-29,11.981,3.12,0.016,96,0,0,2.143,6.698,84470,2297.9,424,332,12.29,28.99,0,8.46,0,0,0,0,1764374400000,0,1,1,1,1
2025-11-30,18.45,2.956,0.026,96,0,0,2.56,11.416,84894,2310.19,369,372,10.75,29.13,0,7.81,0,0,0,0,1764460800000,0,1,1,1,1
2025-12-01,12.612,3.992,0.004,96,0,0,2.253,6.621,85263,2320.94,361,397,10.96,30.36,0,3,0,0,0,0,1764547200000,0,1,1,1,1
2025-12-02,20.413,3.792,0.292,96,0,0,2.278,12.855,85624,2331.9,373,360,10.96,29.38,0,3.68,0,0,0,0,1764633600000,0,1,1,1,1
2025-12-03,19.57,5.42,0.302,96,0,0,2.09,14.091,85997,2342.86,365,373,10.53,28.85,0,2.12,0,0,0,0,1.76472e+12,0,1,1,1,1
2025-12-04,27.928,6.176,0.33,96,0,0,2.352,19.425,86362,2353.39,345,370,9.97,28.9,0,2.07,0,0,0,0,1764806400000,0,1,1,1,1
2025-12-05,21.339,4.364,0.306,96,0,0,2.371,15.758,86707,2363.36,361,378,10.29,28.5,0,2.06,0,0,0,0,1764892800000,0,1,1,1,1
2025-12-06,21.378,4.404,0.288,96,0,0,3.135,14.576,87068,2373.65,375,389,10.95,29.2,0,6.2,0,0,0,0,1764979200000,0,1,1,1,1
2025-12-07,20.269,4.416,0.256,96,0,0,2.88,11.518,87443,2384.6,374,401,10.91,29.17,0,6.41,0,0,0,0,1765065600000,0,1,1,1,1
2025-12-08,26.021,3.924,0.334,96,0,0,2.578,16.432,87817,2395.51,323,385,9.2,28.48,0,5.36,0,0,0,0,1.765152e+12,0,1,1,1,1
2025-12-09,20.07,3.012,0.246,96,0,0,2.274,12.979,88140,2404.71,294,376,8.52,28.98,0,7.28,0,0,0,0,1765238400000,0,1,1,1,1
2025-12-10,16.27,3.764,0.112,96,0,0,2.466,9.37,88434,2413.23,301,377,8.71,28.94,0,7.35,0,0,0,0,1765324800000,0,1,1,1,1
2025-12-11,15.195,3.016,0.03,96,0,0,2.401,7.735,88735,2421.94,338,368,9.75,28.85,0,7.79,0,0,0,0,1765411200000,0,1,1,1,1
2025-12-12,19.487,3.784,0.232,96,0,0,2.328,12.796,89073,2431.69,355,387,10.49,29.55,0,7.25,0,0,0,0,1765497600000,0,1,1,1,1
2025-12-13,11.284,1.68,0.07,96,0,0,2.423,5.17,89428,2442.18,352,410,10.23,29.06,0,6.96,0,0,0,0,1.765584e+12,0,1,1,1,1
2025-12-14,14.004,3.948,0.014,96,0,0,2.237,7.725,89780,2452.41,360,416,10.56,29.33,0,7.29,0,0,0,0,1765670400000,0,1,1,1,1
2025-12-15,23.378,4.7,0.276,96,0,0,2.054,17.141,90140,2462.97,352,370,11.54,32.78,0,7.35,0,0,0,0,1765756800000,0,1,1,1,1
2025-12-16,18.501,3.272,0.258,96,0,0,1.965,12.6,90492,2474.51,343,360,10.24,29.85,0,3.85,0,0,0,0,1765843200000,0,1,1,1,1
2025-12-17,16.8,2.504,0.296,96,0,0,2.093,11.618,90835,2484.75,331,333,9.3,28.1,0,1.71,0,0,0,0,1765929600000,0,1,1,1,1
2025-12-18,18.749,4.704,0.286,96,0,0,1.909,13.662,91166,2494.05,315,355,8.78,27.87,0,4.76,0,0,0,0,1.766016e+12,0,1,1,1,1
2025-12-19,13.344,2.972,0.104,96,0,0,1.888,8.467,91481,2502.83,311,389,8.99,28.91,0,6.96,0,0,0,0,1766102400000,0,1,1,1,1
2025-12-20,16.889,2.712,0.242,96,0,0,1.995,10.627,91792,2511.82,350,429,10.42,29.77,0,7.02,0,0,0,0,1766188800000,0,1,1,1,1
2025-12-21,15.494,3.588,0.22,96,0,0,2.322,9.838,92142,2522.24,388,466,11.63,29.97,0,7.12,0,0,0,0,1766275200000,0,1,1,1,1
2025-12-22,17.389,2.888,0.296,96,0,0,2.297,10.849,92530,2533.87,424,441,13.81,32.57,0,3.34,0,0,0,0,1766361600000,0,1,1,1,1
2025-12-23,22.653,4.12,0.23,96,0,0,2.084,16.849,92954,2547.68,439,464,13.17,30,0,4.65,0,0,0,0,1.766448e+12,0,1,1,1,1
2025-12-24,25.024,3.436,0.356,96,0,0,2.787,17.19,93393,2560.85,416,476,12.19,29.3,0,0.09,0,0,0,0,1766534400000,0,1,1,1,1
2025-12-25,32.046,4.204,0.362,96,0,0,3.441,23.255,93809,2573.04,436,486,13.04,29.91,0,NA,0,0,0,0,1766620800000,0,1,1,0,1
2025-12-26,27.172,3.608,0.564,96,0,0,4.664,17.281,94245,2586.08,431,488,12.99,30.14,0,0.13,2,2,2,2,1766707200000,1,1,1,1,1
2025-12-27,30.272,4.152,0.454,96,0,0,3.043,21.937,94676,2599.07,433,477,13.34,30.81,0,1.17,2,4,2,4,1766793600000,1,1,1,1,1
2025-12-28,31.839,3.792,0.28,96,0,0,3.724,21.454,95109,2612.41,453,458,13.9,30.68,0,6.78,3,7,3,7,1.76688e+12,1,1,1,1,1
2025-12-29,28.161,3.316,0.304,96,0,0,5.32,14.683,95562,2626.31,477,424,14.99,31.43,0,7.14,0,7,0,7,1766966400000,1,1,1,1,1
2025-12-30,45.539,4.972,0.838,96,0,0,6.691,26.576,96039,2641.3,503,405,17.06,33.92,0,4.89,0,7,0,7,1767052800000,1,1,1,1,1
2025-12-31,57.7,5.36,1.5844,92,0,0,8.324,33.637,96542,2658.36,533,390,16.49,30.94,0,7.3,0,7,0,7,1767139200000,1,1,1,1,1
